timestamp_utc,kp,wakkanai_6m,kokubunji_6m,yamagawa_6m,oogimi_6m,wakkanai_10m,kokubunji_10m,yamagawa_10m,oogimi_10m,jet250_kmh,f107,kc2g_jj433_foes,kc2g_ic437_foes,kc2g_kb548_foes
2026-09-01T03:45:58.219138,0,0,0,0,0,0,0,0,0,,,,,
2026-09-01T03:49:56.233612,0,0,0,0,0,0,0,0,0,,,,,
2026-09-01T03:53:47.281743,0,0,0,0,0,0,0,0,0,,,,,
2026-09-01T08:55:28.045921,1,0,0,0,0,0,0,0,0,,,,,
2026-09-01T09:27:28.015553,0,0,88,0,0,12,254,7,0,,,,,
2026-09-01T09:42:42.427822,1,1,36,0,0,61,856,25,0,,,,,
2026-09-01T09:43:20.224694,1,1,36,0,0,61,856,25,0,,,,,
2026-09-01T09:43:27.768831,1,1,36,0,0,61,856,25,0,,,,,
2026-09-01T09:43:30.218983,1,1,36,0,0,61,856,25,0,,,,,
2026-09-01T09:43:57.835579,1,1,44,0,0,64,831,24,0,,,,,
2026-09-01T09:58:34.060863,2,4,68,2,0,80,823,23,0,,,,,
2026-09-01T09:58:41.235730,2,4,68,2,0,80,823,23,0,,,,,
2026-09-01T09:58:47.634814,2,4,68,2,0,80,823,23,0,,,,,
2026-09-01T09:59:11.638990,2,4,68,2,0,80,823,23,0,,,,,
2026-09-01T10:13:48.341298,2,0,36,0,0,84,649,11,0,,,,,
2026-09-01T10:13:54.462774,2,0,36,0,0,84,649,11,0,,,,,
2026-09-01T10:14:01.225220,2,0,36,0,0,84,649,11,0,,,,,
2026-09-01T10:14:25.237719,2,0,36,0,0,84,649,11,0,,,,,
2026-09-01T10:29:02.754231,2,2,25,3,0,171,715,26,0,,,,,
2026-09-01T10:29:09.121148,2,2,25,3,0,171,715,26,0,,,,,
2026-09-01T10:29:15.849181,2,2,25,3,0,171,715,26,0,,,,,
2026-09-01T10:29:38.489407,2,2,25,3,0,171,715,26,0,,,,,
2026-09-01T10:44:17.205455,2,0,29,1,0,71,482,12,0,,,,,
2026-09-01T10:44:22.701006,2,0,29,1,0,71,482,12,0,,,,,
2026-09-01T10:44:52.161416,2,0,29,1,0,71,482,12,0,,,,,
2026-09-01T10:59:31.626867,2,0,63,0,0,46,224,4,0,,,,,
2026-09-01T10:59:38.805071,2,0,63,0,0,46,224,4,0,,,,,
2026-09-01T10:59:39.746063,2,0,63,0,0,46,224,4,0,,,,,
2026-09-01T11:00:06.020477,2,0,63,0,0,46,224,4,0,,,,,
2026-09-01T11:07:39.432795,2,0,36,0,0,85,463,13,0,,,,,
2026-09-01T11:22:55.978295,2,0,85,1,0,72,524,43,0,,,,,
2026-09-01T11:38:12.140396,3,0,36,2,0,52,536,15,0,,,,,
2026-09-01T11:53:34.597688,2,0,23,1,0,19,98,5,0,,,,,
2026-09-01T12:08:49.173038,0,0,2,0,0,22,107,4,0,,,,,
2026-09-01T12:19:30.100422,0,0,17,0,0,5,20,1,0,,,,,
2026-09-01T12:34:46.270604,0,0,33,1,0,1,8,0,0,,,,,
2026-09-01T12:42:53.585807,1,0,37,1,0,2,4,0,0,,,,,
2026-09-01T12:58:10.793642,1,0,19,0,0,1,2,3,0,,,,,
2026-09-01T13:13:26.264076,1,0,14,1,0,1,14,5,0,,,,,
2026-09-01T13:28:41.772829,1,0,13,0,0,0,10,1,0,,,,,
2026-09-01T13:43:56.978108,1,0,0,0,0,0,0,1,0,,,,,
2026-09-01T13:59:11.881664,1,0,0,0,0,0,0,0,0,,,,,
2026-09-01T14:00:05.276292,1,0,0,0,0,0,0,0,0,,,,,
2026-09-01T14:14:26.974425,1,0,0,0,0,0,0,1,0,,,,,
2026-09-01T14:29:41.627915,1,0,2,1,0,0,0,1,0,,,,,
2026-09-01T14:44:56.743955,1,0,3,0,0,0,0,0,0,,,,,
2026-09-01T14:51:44.722061,1,0,4,0,0,0,0,0,0,,,,,
2026-09-01T15:02:51.053085,1,0,0,0,0,0,0,0,0,,,,,
2026-09-01T15:10:24.340111,0,0,0,0,0,0,0,0,0,,,,,
2026-09-01T15:13:03.705136,0,0,0,0,0,0,0,0,0,,,,,
2026-09-01T15:28:19.517852,0,0,0,0,0,0,0,0,0,,,,,
2026-09-01T15:43:34.701379,0,0,0,0,0,0,0,0,0,,,,,
2026-09-01T15:58:50.048440,1,0,0,0,0,0,0,0,0,,,,,
2026-09-01T16:14:06.148852,1,0,0,0,0,0,4,0,0,,,,,
2026-09-01T16:29:22.459283,1,0,0,0,0,0,0,0,0,,,,,
2026-09-01T16:44:39.548255,0,0,0,0,0,0,0,0,0,,,,,
2026-09-01T16:59:55.691513,1,0,0,0,0,0,0,0,0,,,,,
2026-09-01T17:15:11.281487,1,0,0,0,0,0,0,0,0,,,,,
2026-09-01T17:30:26.890239,1,0,3,0,0,0,0,0,0,,,,,
2026-09-01T17:45:42.308601,1,0,0,0,0,0,0,0,0,,,,,
2026-09-01T17:47:19.255538,1,0,0,0,0,0,0,0,0,,,,,
2026-09-01T18:01:07.689292,1,0,0,0,0,0,0,0,0,,,,,
2026-09-01T18:16:23.419314,0,0,0,0,0,0,0,0,0,,,,,
2026-09-01T18:31:39.062048,1,0,0,0,0,0,0,0,0,,,,,
2026-09-01T18:46:55.359425,1,0,0,0,0,0,0,0,0,,,,,
2026-09-01T19:02:11.191341,1,0,0,0,0,0,0,0,0,,,,,
2026-09-01T19:17:27.205933,1,0,0,0,0,0,0,0,0,,,,,
2026-09-01T19:32:42.726351,1,0,0,0,0,0,0,0,0,,,,,
2026-09-01T19:47:57.579578,1,1,0,0,0,0,8,0,0,,,,,
2026-09-01T20:03:13.897028,1,0,3,0,0,0,2,0,0,,,,,
2026-09-01T20:18:28.948476,1,0,4,0,0,0,0,0,0,,,,,
2026-09-01T20:33:45.095574,1,2,1,0,0,0,3,0,0,,,,,
2026-09-01T20:43:27.805493,1,0,0,0,0,0,0,0,0,,,,,
2026-09-01T20:49:00.718520,1,0,0,0,0,0,4,0,0,,,,,
2026-09-01T21:04:33.883063,0,2,0,0,0,0,1,0,0,,,,,
2026-09-01T21:19:49.177559,0,0,11,1,0,0,1,0,0,,,,,
2026-09-01T21:35:03.800188,0,0,3,1,0,0,0,0,0,,,,,
2026-09-01T21:50:18.993355,0,1,0,1,0,10,13,0,0,,,,,
2026-09-01T22:05:34.188784,0,2,16,0,0,8,41,0,0,,,,,
2026-09-01T22:12:02.112973,0,2,17,1,0,14,80,5,0,,,,,
2026-09-01T22:27:19.052730,0,4,3,0,0,3,11,0,0,,,,,
2026-09-01T22:42:34.647190,0,0,19,1,0,9,50,0,0,,,,,
2026-09-01T22:49:53.569643,0,0,12,0,0,5,15,1,1,,,,,
2026-09-01T22:51:22.008257,0,0,0,0,0,0,0,0,0,,,,,
2026-09-01T22:55:29.342982,1,0,4,0,0,4,35,1,0,,,,,
2026-09-01T23:11:11.843408,1,5,23,2,0,6,62,1,0,,,,,
2026-09-01T23:26:27.770573,1,0,48,1,0,12,75,2,1,,,,,
2026-09-01T23:41:43.434960,1,0,3,0,0,39,128,2,4,,,,,
2026-09-01T23:56:58.642152,1,4,14,1,0,38,254,10,3,,,,,
2026-09-02T00:12:13.679464,0,1,35,2,0,27,107,2,2,,,,,
2026-09-02T00:27:29.393831,0,17,40,2,0,58,302,16,5,,,,,
2026-09-02T00:42:43.902044,0,1,58,2,0,52,227,8,7,,,,,
2026-09-02T00:52:14.963876,0,3,85,3,0,42,184,6,2,,,,,
2026-09-02T00:53:55.430934,0,2,75,3,0,24,123,6,1,,,,,
2026-09-02T01:09:12.142015,0,3,39,2,0,29,52,1,1,,,,,
2026-09-02T01:24:27.147568,0,5,96,1,0,14,60,2,1,,,,,
2026-09-02T01:39:43.138390,1,29,116,4,0,9,43,1,0,,,,,
2026-09-02T01:54:57.950005,0,22,126,1,0,22,90,5,0,,,,,
2026-09-02T02:10:13.596168,0,13,72,1,0,4,42,0,0,,,,,
2026-09-02T02:18:59.582977,0,44,116,5,0,9,36,2,0,,,,,
2026-09-02T02:34:17.611582,0,22,112,2,0,0,10,0,0,,,,,
2026-09-02T02:49:33.303288,0,7,45,1,0,0,0,1,0,,,,,
2026-09-02T02:50:39.740141,0,9,33,1,0,0,0,1,0,,,,,
2026-09-02T03:05:57.568890,0,4,27,0,0,0,3,3,0,,,,,
2026-09-02T03:08:37.331119,0,7,39,0,0,0,2,3,0,,,,,
2026-09-02T03:23:54.031819,0,2,10,0,0,12,85,8,0,,,,,
2026-09-02T03:39:09.698655,0,8,45,1,0,8,30,3,0,,,,,
2026-09-02T03:54:25.310143,0,5,14,1,0,8,3,2,0,,,,,
2026-09-02T04:09:41.136220,0,30,73,3,0,24,57,2,0,,,,,
2026-09-02T04:13:02.642812,0,29,73,3,0,11,37,2,0,74.4,,,,
2026-09-02T04:28:21.448437,0,18,25,2,0,27,141,6,0,74.4,,,,
2026-09-02T04:38:34.512638,0,36,129,5,0,47,211,6,0,74.4,,,,
2026-09-02T04:53:59.773982,0,43,209,5,0,33,127,4,0,74.4,,,,
2026-09-02T04:54:34.584177,0,43,209,5,0,33,127,4,0,74.4,,,,
2026-09-02T05:09:52.258174,0,10,75,2,0,90,255,5,0,76.0,,,,
2026-09-02T05:25:09.431094,0,4,11,1,0,84,279,8,0,76.0,,,,
2026-09-02T05:31:22.695221,0,0,0,0,0,0,0,0,0,76.0,,,,
2026-09-02T05:40:26.260837,0,3,17,1,0,142,449,11,0,76.0,,,,
2026-09-02T05:55:43.684590,0,0,0,0,0,130,567,9,0,76.0,,,,
2026-09-02T06:11:00.336192,0,9,52,2,0,209,838,12,0,76.0,,,,
2026-09-02T06:26:18.067927,0,65,110,3,0,195,700,24,0,76.0,,,,
2026-09-02T06:41:35.523520,1,26,98,2,0,125,447,11,3,76.0,,,,
2026-09-02T06:56:52.815572,2,28,76,2,0,75,287,14,0,76.0,,,,
2026-09-02T07:12:10.883942,1,79,177,4,0,63,252,5,0,77.6,,,,
2026-09-02T07:27:29.217917,1,104,183,8,0,100,506,8,0,77.6,,,,
2026-09-02T07:42:46.104186,2,47,117,3,0,97,467,12,0,77.6,,,,
2026-09-02T07:58:03.483979,1,44,41,4,0,50,495,14,0,77.6,,,,
2026-09-02T08:13:20.128399,2,28,25,4,0,62,427,8,0,74.8,,,,
2026-09-02T08:28:37.137284,2,8,60,3,0,54,339,9,0,74.8,,,,
2026-09-02T08:43:53.933624,2,0,93,1,0,48,256,9,0,74.8,,,,
2026-09-02T08:59:11.486878,2,4,39,2,0,35,218,9,0,74.8,,,,
2026-09-02T09:14:30.139964,1,3,104,1,0,21,171,15,0,76.0,,,,
2026-09-02T09:29:48.795623,0,5,22,4,0,36,320,15,0,76.0,,,,
2026-09-02T09:45:06.386449,1,3,8,0,0,21,340,27,0,76.0,,,,
2026-09-02T09:56:00.108055,1,0,0,0,0,0,0,0,0,76.0,,,,
2026-09-02T10:00:24.595283,1,0,2,0,0,52,451,3,0,76.0,,,,
2026-09-02T10:16:11.015108,1,0,27,0,0,56,504,28,0,76.0,,,,
2026-09-02T10:31:28.417926,1,0,21,0,0,32,558,14,0,76.0,,,,
2026-09-02T10:46:46.024247,2,0,13,0,0,34,372,18,0,76.0,,,,
2026-09-02T11:02:03.925399,2,0,38,1,0,59,476,21,0,76.6,,,,
2026-09-02T11:17:21.695195,2,0,2,0,0,33,420,24,0,76.6,,,,
2026-09-02T11:32:40.143466,2,0,14,1,0,23,235,12,0,76.6,,,,
2026-09-02T11:47:57.993695,2,0,6,1,0,26,216,6,0,76.6,,,,
2026-09-02T12:03:16.170443,2,1,1,0,0,11,137,4,0,78.2,,,,
2026-09-02T12:18:35.042287,0,0,15,2,0,31,105,17,0,78.2,,,,
2026-09-02T12:33:54.239977,0,4,51,1,0,8,101,4,0,78.2,,,,
2026-09-02T12:49:11.650700,0,0,33,1,0,12,36,3,0,78.2,,,,
2026-09-02T13:04:28.636705,0,0,26,4,0,2,15,1,0,79.5,,,,
2026-09-02T13:19:46.398251,0,0,0,0,0,7,61,5,0,79.5,,,,
2026-09-02T13:35:04.526562,1,0,19,0,0,2,12,3,0,81.1,,,,
2026-09-02T13:50:22.086704,1,0,0,0,0,4,25,2,0,80.0,,,,
2026-09-02T14:05:39.272028,1,0,4,1,0,0,23,7,0,78.6,,,,
2026-09-02T14:12:05.421578,1,0,0,0,0,0,0,0,0,78.6,,,,
2026-09-02T14:20:58.310613,1,0,4,0,0,0,5,1,0,78.6,,,,
2026-09-02T14:36:17.853476,1,0,0,0,0,0,0,0,0,78.6,,,,
2026-09-02T14:51:37.535091,1,0,0,0,0,0,0,0,0,78.6,,,,
2026-09-02T15:07:41.873093,0,0,0,0,0,0,0,0,0,79.1,,,,
2026-09-02T15:23:01.525550,0,0,0,0,0,0,0,0,0,79.1,,,,
2026-09-02T15:38:19.903547,0,0,0,0,0,0,0,0,0,79.1,,,,
2026-09-02T15:54:04.542931,0,0,0,0,0,0,3,0,0,79.1,,,,
2026-09-02T16:09:22.702587,0,0,5,0,0,0,0,0,0,77.2,,,,
2026-09-02T16:24:41.026529,0,0,0,0,0,0,0,0,0,77.2,,,,
2026-09-02T16:39:58.145432,0,0,0,0,0,0,0,0,0,77.2,,,,
2026-09-02T16:55:15.583278,1,0,0,0,0,0,0,0,0,77.2,,,,
2026-09-02T17:10:33.500784,0,0,0,0,0,0,0,0,0,80.5,,,,
2026-09-02T17:25:50.935193,1,0,0,0,0,0,0,0,0,80.5,,,,
2026-09-02T17:41:09.337866,0,0,0,0,0,0,0,0,0,80.5,,,,
2026-09-02T17:55:19.744930,1,0,0,0,0,0,0,0,0,80.5,,,,
2026-09-02T17:56:25.834858,1,0,0,0,0,0,0,0,0,80.5,,,,
2026-09-02T18:11:43.404583,0,0,0,0,0,0,0,0,0,80.4,,,,
2026-09-02T18:27:01.648742,0,0,0,0,0,0,0,0,0,80.4,,,,
2026-09-02T18:42:19.077781,0,0,0,0,0,0,0,0,0,80.4,,,,
2026-09-02T18:57:37.313947,0,0,0,0,0,0,0,0,0,80.4,,,,
2026-09-02T19:12:54.550130,1,0,0,0,0,0,0,0,0,81.8,,,,
2026-09-02T19:28:12.055798,1,0,0,0,0,0,0,0,0,81.8,,,,
2026-09-02T19:43:29.289644,1,0,0,0,0,0,0,0,0,81.8,,,,
2026-09-02T19:58:47.767720,1,2,2,0,0,0,0,0,0,81.8,,,,
2026-09-02T20:14:04.684595,1,0,0,0,0,0,0,0,0,84.4,,,,
2026-09-02T20:29:21.998850,1,0,0,1,0,0,0,0,0,84.4,,,,
2026-09-02T20:41:20.364094,1,0,0,0,0,0,0,0,0,84.4,,,,
2026-09-02T20:44:39.633086,1,0,0,0,0,0,4,0,0,84.4,,,,
2026-09-02T20:59:56.808650,1,0,0,0,0,0,0,0,0,84.4,,,,
2026-09-02T21:15:16.214548,0,2,0,1,0,0,6,0,0,83.8,,,,
2026-09-02T21:31:02.245412,0,0,20,1,0,0,4,0,0,83.8,,,,
2026-09-02T21:46:20.140192,0,0,0,0,0,0,0,0,0,83.8,,,,
2026-09-02T22:01:37.205145,0,0,0,0,0,7,32,0,0,87.6,,,,
2026-09-02T22:16:55.670710,0,0,8,0,0,1,38,0,0,87.6,,,,
2026-09-02T22:32:14.690789,0,0,0,0,0,0,21,0,0,87.6,,,,
2026-09-02T22:47:32.230905,1,0,0,0,0,2,29,2,0,87.6,,,,
2026-09-02T22:51:47.775468,1,0,0,0,0,0,0,0,0,,,,,
2026-09-02T23:02:49.073808,1,0,11,0,0,0,4,0,0,88.6,,,,
2026-09-02T23:18:06.228035,1,0,15,1,0,11,54,0,0,88.6,,,,
2026-09-02T23:33:22.993548,1,1,34,0,0,12,41,3,0,88.6,,,,
2026-09-02T23:48:40.911591,1,0,0,0,0,13,36,4,0,88.6,,,,
2026-09-03T00:03:56.973790,0,2,15,0,0,38,136,4,0,91.6,,,,
2026-09-03T00:19:14.108185,1,5,15,0,0,48,89,0,0,91.6,,,,
2026-09-03T00:34:31.901020,1,1,2,0,0,23,82,0,0,91.6,,,,
2026-09-03T00:49:48.510875,2,0,21,0,0,13,97,1,0,91.6,,,,
2026-09-03T00:59:52.064811,2,0,0,0,0,0,0,0,0,91.6,,,,
2026-09-03T01:05:04.582933,1,3,21,1,0,13,82,0,0,93.2,,,,
2026-09-03T01:20:21.285249,1,0,0,0,0,7,58,0,0,91.2,,,,
2026-09-03T01:35:38.432219,1,0,40,0,0,28,158,0,0,94.5,,,,
2026-09-03T01:50:54.758362,2,0,10,0,0,10,112,1,0,94.5,,,,
2026-09-03T02:06:11.434909,2,0,32,0,0,9,67,0,0,94.6,,,,
2026-09-03T02:21:28.358882,2,0,13,0,0,5,24,1,0,94.6,,,,
2026-09-03T02:36:46.005100,2,2,15,3,0,6,29,0,0,94.6,,,,
2026-09-03T02:52:02.267161,2,0,45,1,0,1,3,0,0,94.6,,,,
2026-09-03T03:07:45.044995,0,0,31,1,0,4,14,0,0,97.0,,,,
2026-09-03T03:23:02.084920,0,0,35,0,0,1,12,0,0,97.0,,,,
2026-09-03T03:38:19.297770,0,0,57,0,0,4,25,0,0,97.0,,,,
2026-09-03T03:53:35.756322,0,0,35,1,0,17,53,1,0,97.0,,,,
2026-09-03T04:08:53.232050,0,1,87,3,0,14,89,0,0,94.2,,,,
2026-09-03T04:24:10.580341,0,2,32,3,0,4,57,2,0,94.2,,,,
2026-09-03T04:39:28.577290,0,0,6,0,0,6,79,0,0,94.2,,,,
2026-09-03T04:54:45.723432,0,0,37,0,0,21,287,0,0,94.2,,,,
2026-09-03T05:10:02.923746,1,0,0,0,0,8,99,0,0,93.0,,,,
2026-09-03T05:25:20.300727,1,0,27,0,0,3,13,1,0,93.0,,,,
2026-09-03T05:40:20.646226,0,0,0,0,0,0,0,0,0,93.0,,,,
2026-09-03T05:40:37.326741,0,4,43,0,0,1,39,1,0,93.0,,,,
2026-09-03T05:56:00.664674,1,1,28,1,0,12,42,1,0,93.0,,,,
2026-09-03T06:11:17.086248,0,1,2,0,0,11,99,1,0,89.6,,,,
2026-09-03T06:26:33.882080,0,4,14,0,0,37,287,0,0,91.5,,,,
2026-09-03T06:41:50.738312,0,0,36,0,0,30,273,5,0,91.5,,,,
2026-09-03T06:57:07.998794,0,2,42,1,0,25,331,0,0,94.8,,,,
2026-09-03T07:12:25.127102,0,0,37,1,0,31,333,0,0,84.8,,,,
2026-09-03T07:27:41.828437,0,0,78,0,0,20,179,0,0,84.8,,,,
2026-09-03T07:42:59.285149,0,0,53,3,0,23,479,9,0,84.8,,,,
2026-09-03T07:58:16.024733,0,0,19,0,0,40,490,14,0,84.8,,,,
2026-09-03T08:13:33.478547,0,0,64,1,0,73,395,17,0,81.0,,,,
2026-09-03T08:20:10.963703,0,0,25,0,0,46,328,19,0,81.0,,,,
2026-09-03T08:24:16.934332,0,0,23,0,0,30,253,16,0,81.0,,,,
2026-09-03T08:28:34.508435,0,0,18,0,0,41,392,19,0,81.0,,,,
2026-09-03T08:41:06.886840,0,0,50,1,0,29,313,12,0,81.0,,,,
2026-09-03T08:41:42.174487,0,0,50,1,0,29,313,12,0,81.0,,,,
2026-09-03T08:56:59.865342,0,0,49,2,0,30,249,10,0,81.0,,,,
2026-09-03T09:12:17.098436,0,2,86,5,0,25,311,15,0,76.4,,,,
2026-09-03T09:27:34.398286,0,0,68,0,0,26,519,10,0,76.4,,,,
2026-09-03T09:42:53.306997,0,0,47,1,0,30,320,20,0,76.4,,,,
2026-09-03T09:45:11.769215,0,0,44,1,0,28,367,21,0,76.4,148.0,2.325,,2.0
2026-09-03T10:01:23.470395,0,0,78,1,0,34,316,9,0,70.7,148.0,2.325,,2.0
2026-09-03T10:06:21.660639,0,0,0,0,0,0,0,0,0,70.7,148.0,2.325,,2.0
2026-09-03T10:16:44.635870,0,0,15,1,0,27,376,21,0,70.7,148.0,2.325,,2.0
2026-09-03T10:32:04.627050,0,0,6,0,0,28,313,15,0,70.7,148.0,2.325,,2.0
2026-09-03T10:47:23.977811,0,0,24,1,0,16,289,4,0,70.7,148.0,2.325,,2.0
2026-09-03T10:48:25.877852,0,0,26,1,0,13,304,4,0,70.7,148.0,2.325,,2.0
2026-09-03T11:03:46.308923,0,0,31,2,0,12,84,0,0,66.8,148.0,2.325,,2.0
2026-09-03T11:19:06.927574,0,0,70,3,0,7,42,1,0,66.8,148.0,2.325,,2.0
2026-09-03T11:34:26.279608,1,0,31,0,0,7,35,0,0,66.8,148.0,2.325,,2.0
2026-09-03T11:49:46.042091,1,0,52,3,0,0,0,0,0,66.8,148.0,2.325,,2.0
2026-09-03T12:05:43.824812,1,0,64,1,0,2,2,0,0,64.0,148.0,2.325,,2.0
2026-09-03T12:08:18.476498,0,0,99,2,0,6,1,0,0,64.0,148.0,2.325,,2.0
2026-09-03T12:23:39.400506,0,0,11,0,0,2,11,0,0,64.0,148.0,2.325,,2.0
2026-09-03T12:38:59.633463,0,1,50,3,0,0,0,0,0,64.0,148.0,2.325,,2.0
2026-09-03T12:54:19.472698,0,0,6,1,0,1,1,0,0,64.0,148.0,2.325,,2.0
2026-09-03T13:09:39.304186,1,0,3,1,0,0,0,0,0,63.1,148.0,2.325,,2.0
2026-09-03T13:24:58.964762,1,0,10,1,0,0,3,0,0,63.1,148.0,2.325,,2.0
2026-09-03T13:40:18.344406,1,0,29,0,0,1,6,0,0,63.1,148.0,2.325,,2.0
2026-09-03T13:55:38.023153,1,0,14,0,0,2,2,0,0,63.1,148.0,2.325,,2.0
2026-09-03T14:10:58.203005,1,0,0,0,0,0,1,0,0,63.1,148.0,2.325,,2.0
2026-09-03T14:26:18.166225,1,0,0,0,0,0,0,0,0,63.1,148.0,2.325,,2.0
2026-09-03T14:35:38.474151,1,0,0,0,0,0,0,0,0,63.1,148.0,2.325,,2.0
2026-09-03T14:41:37.950112,1,0,0,0,0,0,4,0,0,63.1,148.0,2.325,,2.0
2026-09-03T14:56:58.003638,1,0,0,0,0,0,0,0,0,63.1,148.0,2.325,,2.0
2026-09-03T15:12:18.073941,0,0,0,0,0,0,1,0,0,64.0,148.0,2.325,,2.0
2026-09-03T15:27:38.197820,0,0,0,0,0,0,12,0,0,64.0,148.0,2.325,,2.0
2026-09-03T15:43:42.934509,0,0,0,0,0,0,0,0,0,64.0,148.0,2.325,,2.0
2026-09-03T15:59:02.567007,0,0,0,0,0,0,0,0,0,64.0,148.0,2.325,,2.0
2026-09-03T16:14:22.173693,0,0,0,0,0,1,0,0,0,64.0,148.0,2.325,,2.0
2026-09-03T16:29:42.127452,1,0,0,0,0,0,0,0,0,64.0,148.0,2.325,,2.0
2026-09-03T16:45:02.250750,1,0,0,0,0,0,0,0,0,64.0,148.0,2.325,,2.0
2026-09-03T17:00:22.778357,1,0,0,0,0,0,0,0,0,61.6,148.0,2.325,,2.0
2026-09-03T17:15:44.853416,1,0,0,0,0,0,0,0,0,61.6,148.0,2.325,,2.0
2026-09-03T17:31:05.168893,1,0,0,0,0,0,0,0,0,61.6,148.0,2.325,,2.0
2026-09-03T17:46:24.847056,1,0,0,0,0,0,0,0,0,61.6,148.0,2.325,,2.0
2026-09-03T18:01:44.681977,2,0,0,0,0,0,0,0,0,61.6,148.0,2.325,,2.0
2026-09-03T18:05:42.465708,1,0,0,0,0,0,0,0,0,,148.0,2.325,,2.0
2026-09-03T18:17:04.683774,0,0,0,0,0,0,0,0,0,61.6,148.0,2.325,,2.0
2026-09-03T18:32:24.044583,0,0,0,0,0,0,0,0,0,61.6,148.0,2.325,,2.0
2026-09-03T18:47:43.714329,0,0,0,0,0,0,0,0,0,61.6,148.0,2.325,,2.0
2026-09-03T19:03:04.087944,0,0,0,0,0,0,0,0,0,63.6,148.0,2.325,,2.0
2026-09-03T19:18:24.631254,0,0,0,0,0,0,0,0,0,59.5,148.0,2.325,,2.0
2026-09-03T19:33:44.985423,0,2,0,0,0,0,0,0,0,59.5,148.0,2.325,,2.0
2026-09-03T19:49:04.287958,0,0,2,0,0,0,0,0,0,59.5,148.0,2.325,,2.0
2026-09-03T20:04:24.016888,1,0,0,0,0,0,0,0,0,63.7,148.0,2.325,,2.0
2026-09-03T20:19:44.001507,1,0,0,0,0,0,0,0,0,63.7,148.0,2.325,,2.0
2026-09-03T20:35:03.248229,1,2,0,0,0,0,0,0,0,63.7,148.0,2.325,,2.0
2026-09-03T20:50:23.208168,1,2,1,1,0,0,0,0,0,63.7,148.0,2.325,,2.0
2026-09-03T21:03:30.554052,1,0,0,0,0,0,0,0,0,,148.0,2.325,,2.0
2026-09-03T21:05:43.365440,0,3,0,0,0,0,0,0,0,63.7,148.0,2.325,,2.0
2026-09-03T21:21:47.933190,0,0,0,0,0,0,0,0,0,63.7,148.0,2.325,,2.0
2026-09-03T21:37:06.505525,0,0,0,0,0,0,1,0,0,63.7,148.0,2.325,,2.0
2026-09-03T21:52:42.406186,0,4,2,0,0,0,3,0,0,63.7,148.0,2.325,,2.0
2026-09-03T22:08:01.729039,0,0,0,0,0,1,21,0,0,52.8,148.0,2.325,,2.0
2026-09-03T22:23:22.228579,0,0,0,0,0,0,16,0,0,52.8,148.0,2.325,,2.0
2026-09-03T22:38:41.904578,1,0,0,0,0,10,110,0,0,52.8,148.0,2.325,,2.0
2026-09-03T22:54:01.010476,1,0,12,2,0,6,49,0,0,52.8,148.0,2.325,,2.0
2026-09-03T23:09:20.780251,0,0,17,1,0,3,28,0,0,52.0,148.0,2.325,,2.0
2026-09-03T23:17:59.264663,1,0,0,0,0,0,0,0,0,52.0,148.0,2.325,,2.0
2026-09-03T23:24:39.661909,1,2,16,0,0,4,41,4,0,52.0,148.0,2.325,,2.0
2026-09-03T23:26:50.293832,1,2,19,1,0,9,49,4,0,52.0,148.0,2.325,,2.0
2026-09-03T23:42:20.932789,1,0,0,0,0,7,65,4,0,52.0,148.0,2.325,,2.0
2026-09-03T23:57:39.303957,1,0,25,0,0,5,43,4,0,52.0,148.0,2.325,,2.0
2026-09-04T00:12:59.985874,0,0,15,0,0,11,91,2,0,59.7,146.0,2.325,,2.0
2026-09-04T00:28:21.080240,0,0,21,0,0,4,67,3,0,59.7,146.0,2.325,,2.0
2026-09-04T00:43:40.140005,0,0,39,3,0,11,27,0,0,59.7,146.0,2.325,,2.0
2026-09-04T01:11:21.177343,1,0,0,0,0,0,0,0,0,60.5,146.0,2.325,,2.0
2026-09-04T01:14:12.417480,0,0,51,4,0,7,28,1,0,60.5,146.0,2.325,,2.0
2026-09-04T01:29:33.990617,1,0,44,8,0,5,64,6,0,60.5,146.0,2.325,,2.0
2026-09-04T01:44:53.005510,1,3,60,3,0,8,82,4,0,60.5,146.0,2.325,,2.0
2026-09-04T02:00:11.820065,1,3,126,0,0,2,50,6,0,55.7,146.0,2.325,,2.0
2026-09-04T02:15:30.595039,1,0,22,1,0,4,45,0,0,55.7,146.0,2.325,,2.0
2026-09-04T02:30:48.278250,1,0,53,0,0,5,76,3,0,55.7,146.0,2.325,,2.0
2026-09-04T02:46:09.040516,1,0,34,0,0,3,59,7,0,55.7,146.0,2.325,,2.0
2026-09-04T03:02:10.152267,1,0,79,3,0,0,74,9,0,60.4,146.0,2.325,,2.0
2026-09-04T03:17:29.557919,0,3,84,1,0,6,56,12,0,60.4,146.0,2.325,,2.0
2026-09-04T03:32:49.732110,0,4,3,0,0,0,9,0,0,60.4,146.0,2.325,,2.0
2026-09-04T03:48:10.109964,0,0,37,0,0,12,61,7,0,60.4,146.0,2.325,,2.0
2026-09-04T04:03:29.755215,0,0,22,0,0,15,29,3,0,61.3,146.0,2.325,,2.0
2026-09-04T04:18:49.850613,0,5,47,1,0,16,72,2,0,61.3,146.0,2.325,,2.0
2026-09-04T04:34:09.597544,0,0,22,0,0,21,36,3,0,61.3,146.0,2.325,,2.0
2026-09-04T04:49:29.732877,0,0,49,3,0,17,37,0,0,61.3,146.0,2.325,,2.0
2026-09-04T05:04:49.463553,0,0,4,0,0,62,112,5,0,60.9,146.0,2.325,,2.0
2026-09-04T05:20:08.876875,0,0,27,0,0,31,78,1,7,60.9,146.0,2.325,,2.0
2026-09-04T05:35:28.673495,0,8,34,0,0,94,339,4,0,60.9,146.0,2.325,,2.0
2026-09-04T05:50:47.705919,0,0,16,0,0,76,265,9,0,60.9,146.0,2.325,,2.0
2026-09-04T05:56:32.122397,0,0,0,0,0,0,0,0,0,60.9,146.0,2.325,,2.0
2026-09-04T06:06:10.790735,0,0,111,0,0,92,367,16,0,63.2,146.0,2.325,,2.0
2026-09-04T06:21:35.902115,0,0,58,0,0,89,367,30,0,63.2,146.0,2.325,,2.0
2026-09-04T06:36:55.575829,0,0,34,0,0,86,317,19,0,63.2,146.0,2.325,,2.0
2026-09-04T06:52:14.506478,0,0,26,1,0,119,423,14,0,63.2,146.0,2.325,,2.0
2026-09-04T07:07:35.894426,0,0,31,0,0,105,408,17,0,62.0,146.0,2.325,,2.0
2026-09-04T07:22:54.810189,0,0,60,2,0,97,356,22,0,70.3,146.0,2.325,,2.0
2026-09-04T07:38:14.041863,0,0,24,2,0,75,327,12,0,70.3,146.0,2.325,,2.0
2026-09-04T07:53:33.090078,0,0,23,0,0,69,471,37,0,70.3,146.0,2.325,,2.0
2026-09-04T08:08:53.343966,0,0,62,1,0,35,420,16,0,67.2,146.0,2.325,,2.0
2026-09-04T08:24:13.200338,0,0,25,1,0,54,440,20,0,67.2,146.0,2.325,,2.0
2026-09-04T08:40:18.123050,0,12,277,26,3,78,615,47,5,67.2,146.0,2.325,,2.0
2026-09-04T08:55:38.366980,0,6,259,12,1,65,634,34,0,67.2,146.0,2.325,,2.0
2026-09-04T09:10:58.909937,0,7,102,4,0,75,453,23,0,63.3,146.0,2.325,,2.0
2026-09-04T09:26:27.919879,0,4,2,0,0,45,356,6,0,63.3,146.0,2.325,,2.0
2026-09-04T09:41:49.007510,1,0,22,0,0,23,193,8,0,63.3,146.0,2.325,,2.0
2026-09-04T09:57:08.385387,1,0,26,0,0,20,110,2,5,63.3,146.0,2.325,,2.0
2026-09-04T10:12:30.092171,1,0,7,0,0,25,215,4,0,64.9,146.0,2.325,,2.0
2026-09-04T10:27:50.407360,1,1,131,20,0,23,154,4,0,64.9,146.0,2.325,,2.0
2026-09-04T10:43:10.730531,1,4,109,13,1,26,185,8,0,64.9,146.0,2.325,,2.0
2026-09-04T10:58:18.044937,1,0,0,0,0,0,0,0,0,64.9,146.0,2.325,,2.0
2026-09-04T10:58:31.360120,1,0,23,9,0,29,148,1,0,64.9,146.0,2.325,,2.0
2026-09-04T11:13:50.637660,1,0,42,1,0,5,72,0,0,68.2,146.0,2.325,,2.0
2026-09-04T11:29:10.102183,1,0,26,3,0,3,51,2,0,68.2,146.0,2.325,,2.0
2026-09-04T11:44:29.114945,1,0,61,2,0,0,30,2,0,68.2,146.0,2.325,,2.0
2026-09-04T11:59:54.031234,1,0,2,0,0,0,12,0,0,68.2,146.0,2.325,,2.0
2026-09-04T12:15:14.313789,0,0,20,2,0,1,4,0,0,70.7,146.0,2.325,,2.0
2026-09-04T12:30:33.438069,0,0,9,0,0,0,3,0,0,70.7,146.0,2.325,,2.0
2026-09-04T12:45:52.619452,0,0,33,2,0,0,1,0,0,73.0,146.0,2.325,,2.0
2026-09-04T13:01:12.775248,0,3,15,1,0,0,1,0,0,85.4,146.0,2.325,,2.0
2026-09-04T13:16:31.851693,0,0,3,0,0,0,2,0,0,85.4,146.0,2.325,,2.0
2026-09-04T13:31:52.128754,0,0,13,2,0,0,2,0,0,85.0,146.0,2.325,,2.0
2026-09-04T13:47:11.653294,0,0,1,0,0,0,0,0,0,85.0,146.0,2.325,,2.0
2026-09-04T14:02:32.922851,0,0,16,1,0,0,0,0,0,75.5,146.0,2.325,,2.0
2026-09-04T14:18:38.009157,0,0,9,0,0,0,1,0,0,75.5,146.0,2.325,,2.0
2026-09-04T14:33:59.123003,0,0,7,2,0,0,0,0,0,75.5,146.0,2.325,,2.0
2026-09-04T14:49:18.993444,0,0,1,0,0,0,0,0,0,75.5,146.0,2.325,,2.0
2026-09-04T14:54:03.452765,1,0,0,0,0,0,0,0,0,75.5,146.0,2.325,,2.0
2026-09-04T15:04:39.507945,0,0,1,0,0,0,0,0,0,67.3,146.0,2.325,,2.0
2026-09-04T15:20:00.855765,0,0,2,0,0,0,0,0,0,67.3,146.0,2.325,,2.0
2026-09-04T15:35:21.388838,0,0,1,0,0,0,0,0,0,67.3,146.0,2.325,,2.0
2026-09-04T15:50:41.386191,0,0,0,0,0,0,0,0,0,67.3,146.0,2.325,,2.0
2026-09-04T16:06:01.155586,0,0,1,0,0,0,0,0,0,64.8,146.0,2.325,,2.0
2026-09-04T16:21:21.376896,0,0,0,0,0,0,3,0,0,64.8,146.0,2.325,,2.0
2026-09-04T16:36:42.169776,0,0,0,0,0,0,0,0,0,64.8,146.0,2.325,,2.0
2026-09-04T16:52:03.399401,0,0,0,0,0,0,0,0,0,64.8,146.0,2.325,,2.0
2026-09-04T17:07:23.132586,0,0,0,0,0,0,0,0,0,55.7,146.0,2.325,,2.0
2026-09-04T17:22:42.725422,0,0,0,0,0,0,0,0,0,55.7,146.0,2.325,,2.0
2026-09-04T17:38:02.485118,0,0,0,0,0,0,0,0,0,55.7,146.0,2.325,,2.0
2026-09-04T17:53:22.348819,0,0,0,0,0,0,0,0,0,55.7,146.0,2.325,,2.0
2026-09-04T18:08:43.119029,0,0,0,0,0,0,0,0,0,63.7,146.0,2.325,,2.0
2026-09-04T18:10:56.153218,0,0,0,0,0,0,0,0,0,63.7,146.0,2.325,,2.0
2026-09-04T18:24:04.218255,0,0,0,0,0,0,0,0,0,63.7,146.0,2.325,,2.0
2026-09-04T18:39:24.238780,0,0,0,0,0,0,32,0,0,63.7,146.0,2.325,,2.0
2026-09-04T18:54:45.190221,0,0,1,0,0,0,0,0,0,63.7,146.0,2.325,,2.0
2026-09-04T19:10:05.667189,0,0,0,0,0,0,0,0,0,64.2,146.0,2.325,,2.0
2026-09-04T19:25:26.257340,0,0,0,0,0,0,0,0,0,64.2,146.0,2.325,,2.0
2026-09-04T19:40:46.698492,0,0,0,1,0,0,0,0,0,64.2,146.0,2.325,,2.0
2026-09-04T19:57:08.222806,0,0,2,0,0,0,0,0,0,64.2,146.0,2.325,,2.0
2026-09-04T20:12:28.611114,0,0,0,0,0,0,0,0,0,64.5,146.0,2.325,,2.0
2026-09-04T20:27:48.973421,0,0,0,0,0,0,0,0,0,64.5,146.0,2.325,,2.0
2026-09-04T20:43:08.846613,0,0,0,0,0,0,0,0,0,64.5,146.0,2.325,,2.0
2026-09-04T20:47:14.020441,0,0,0,0,0,0,0,0,0,64.5,146.0,2.325,,2.0
2026-09-04T20:58:28.360593,0,2,1,0,0,0,21,0,0,64.5,146.0,2.325,,2.0
2026-09-04T21:13:55.170313,0,0,0,0,0,0,0,0,0,60.6,146.0,2.325,,2.0
2026-09-04T21:29:15.239655,0,0,1,0,0,0,9,0,0,60.6,146.0,2.325,,2.0
2026-09-04T21:44:37.175361,0,0,18,0,0,0,4,0,0,60.6,146.0,2.325,,2.0
2026-09-04T21:59:56.910476,0,0,0,0,0,0,0,0,0,60.6,146.0,2.325,,2.0
2026-09-04T22:15:26.111284,0,0,18,0,0,4,100,9,0,60.6,146.0,2.325,,2.0
2026-09-04T22:30:46.103914,0,0,3,0,0,31,287,29,0,60.6,146.0,2.325,,2.0
2026-09-04T22:46:05.887082,0,0,42,0,0,10,87,5,2,60.6,146.0,2.325,,2.0
2026-09-04T22:50:29.176336,0,0,0,0,0,0,0,0,0,60.6,146.0,2.325,,2.0
2026-09-04T23:01:37.015601,0,0,6,0,0,2,73,3,0,63.8,146.0,2.325,,2.0
2026-09-04T23:16:56.165529,0,0,41,0,0,0,11,0,0,63.8,146.0,2.325,,2.0
2026-09-04T23:32:14.827331,0,0,204,0,0,3,42,3,0,63.8,146.0,2.325,,2.0
2026-09-04T23:47:36.055773,0,0,127,2,0,7,77,6,0,63.8,146.0,2.325,,2.0
2026-09-05T00:02:54.974519,0,0,78,4,0,10,47,6,0,61.5,147.0,2.325,,2.0
2026-09-05T00:18:14.248869,0,0,29,0,0,5,27,9,0,61.5,147.0,2.325,,2.0
2026-09-05T00:33:34.256215,0,0,63,1,0,4,30,5,0,61.5,147.0,2.325,,2.0
2026-09-05T00:41:15.497806,0,0,0,0,0,0,0,0,0,61.5,147.0,2.325,,2.0
2026-09-05T00:48:54.025434,0,8,46,4,0,16,49,3,0,61.5,147.0,2.325,,2.0
2026-09-05T01:04:12.880718,0,2,64,1,0,20,82,7,0,60.8,147.0,2.325,,2.0
2026-09-05T01:19:31.641494,0,1,145,3,0,18,66,0,0,60.8,147.0,2.325,,2.0
2026-09-05T01:35:37.772097,0,4,151,4,0,10,83,0,0,69.3,147.0,2.325,,2.0
2026-09-05T01:50:57.689125,1,5,116,2,0,22,173,6,0,69.3,147.0,2.325,,2.0
2026-09-05T02:06:16.888408,1,1,234,5,0,21,204,4,0,68.1,147.0,2.325,,2.0
2026-09-05T02:21:37.089881,1,0,390,2,0,8,85,4,0,68.1,147.0,2.325,,2.0
2026-09-05T02:36:56.393632,1,7,242,0,0,11,59,2,1,68.1,147.0,2.325,,2.0
2026-09-05T02:52:15.169250,1,0,108,0,0,5,65,0,0,68.1,147.0,2.325,,2.0
2026-09-05T03:07:34.285962,0,2,27,0,0,2,18,1,0,69.0,147.0,2.325,,2.0
2026-09-05T03:22:53.354547,0,0,32,1,0,3,20,4,0,69.0,147.0,2.325,,2.0
2026-09-05T03:38:14.609466,0,0,39,0,0,2,8,0,0,69.0,147.0,2.325,,2.0
2026-09-05T03:53:35.269979,1,0,89,0,0,1,16,0,0,69.0,147.0,2.325,,2.0
2026-09-05T04:08:56.022737,0,0,81,1,0,2,30,4,0,71.2,147.0,2.325,,2.0
2026-09-05T04:24:14.474518,1,1,148,1,0,1,38,3,0,71.2,147.0,2.325,,2.0
2026-09-05T04:39:34.616951,0,0,145,0,0,0,5,0,0,71.2,147.0,2.325,,2.0
2026-09-05T04:54:54.232411,1,2,30,1,0,3,2,0,0,71.2,147.0,2.325,,2.0
2026-09-05T04:57:39.462794,2,0,0,0,0,0,0,0,0,71.2,147.0,2.325,,2.0
2026-09-05T05:10:14.522081,2,0,106,0,0,20,197,10,8,73.1,147.0,2.325,,2.0
2026-09-05T05:25:35.408229,2,6,303,2,0,17,167,7,10,73.1,147.0,2.325,,2.0
2026-09-05T05:41:00.892420,2,0,152,0,0,11,110,10,0,73.1,147.0,2.325,,2.0
2026-09-05T05:56:21.247594,2,1,320,1,0,10,73,6,0,73.1,147.0,2.325,,2.0
2026-09-05T06:11:41.076335,1,1,439,0,0,21,126,9,0,74.4,147.0,2.325,,2.0
2026-09-05T06:27:00.470177,1,0,54,0,0,1,17,0,0,74.4,147.0,2.325,,2.0
2026-09-05T06:42:19.932548,2,0,40,1,0,11,153,7,0,74.4,147.0,2.325,,2.0
2026-09-05T06:57:45.034633,2,0,70,0,0,33,208,8,4,74.4,147.0,2.325,,2.0
2026-09-05T07:13:53.198191,2,0,63,1,0,47,449,13,4,69.5,147.0,2.325,,2.0
2026-09-05T07:29:12.885032,2,0,153,3,0,39,420,9,0,69.5,147.0,2.325,,2.0
2026-09-05T07:44:32.622281,2,0,16,0,0,30,381,6,0,69.5,147.0,2.325,,2.0
2026-09-05T07:59:52.879952,1,0,41,0,0,18,411,12,0,69.5,147.0,2.325,,2.0
2026-09-05T08:15:13.176994,1,4,235,1,0,6,191,6,0,71.2,147.0,2.325,,2.0
2026-09-05T08:30:33.707488,1,0,272,2,0,7,137,4,0,71.2,147.0,2.325,,2.0
2026-09-05T08:46:04.449566,2,0,400,5,0,20,171,3,0,71.2,147.0,2.325,,2.0
2026-09-05T08:56:51.657551,2,0,0,0,0,0,0,0,0,71.2,147.0,2.325,,2.0
2026-09-05T09:01:23.517069,2,0,362,2,0,11,70,6,0,69.0,147.0,2.325,,2.0
2026-09-05T09:16:43.253385,0,7,176,8,0,16,133,3,0,69.0,147.0,2.325,,2.0
2026-09-05T09:32:03.398747,0,2,264,9,0,9,81,9,0,69.0,147.0,2.325,,2.0
2026-09-05T09:47:23.714642,1,8,935,69,0,6,89,0,0,69.0,147.0,2.325,,2.0
2026-09-05T10:02:44.137667,1,2,874,54,0,4,160,9,0,67.5,147.0,2.325,,2.0
2026-09-05T10:18:05.150203,1,1,680,40,0,30,226,3,0,67.5,147.0,2.325,,2.0
2026-09-05T10:33:25.145118,2,4,596,13,0,16,252,13,0,67.5,147.0,2.325,,2.0
2026-09-05T10:48:45.622006,1,0,369,20,0,24,239,5,0,67.5,147.0,2.325,,2.0
2026-09-05T11:04:05.458152,2,0,46,6,0,6,155,1,0,63.4,147.0,2.325,,2.0
2026-09-05T11:19:25.935173,2,0,7,1,0,16,214,6,0,63.4,147.0,2.325,,2.0
2026-09-05T11:34:45.293635,2,0,180,17,0,4,146,11,0,63.4,147.0,2.325,,2.0
2026-09-05T11:50:05.448468,2,1,501,26,0,0,65,2,0,63.4,147.0,2.325,,2.0
2026-09-05T12:05:26.573340,0,0,137,11,0,0,12,0,0,61.8,147.0,2.325,,2.0
2026-09-05T12:20:46.791972,0,1,101,6,0,0,2,1,0,61.8,147.0,2.325,,2.0
2026-09-05T12:31:48.886306,0,0,0,0,0,0,0,0,0,61.8,147.0,2.325,,2.0
2026-09-05T12:36:06.830102,0,0,34,4,0,0,1,0,0,61.8,147.0,2.325,,2.0
2026-09-05T12:52:12.315321,0,0,48,1,0,1,0,0,0,61.8,147.0,2.325,,2.0
2026-09-05T13:07:31.670158,0,0,49,4,0,0,11,1,0,67.2,147.0,2.325,,2.0
2026-09-05T13:22:52.467074,0,0,1,0,0,0,3,0,0,66.1,147.0,2.325,,2.0
2026-09-05T13:38:12.752844,0,0,12,1,0,0,3,0,0,66.1,147.0,2.325,,2.0
2026-09-05T13:53:31.933478,0,1,20,0,0,0,18,0,0,66.1,147.0,2.325,,2.0
2026-09-05T14:08:50.793643,1,0,8,0,0,0,0,0,0,61.3,147.0,2.325,,2.0
2026-09-05T14:24:11.414411,1,2,0,0,0,0,1,0,0,61.3,147.0,2.325,,2.0
2026-09-05T14:39:31.171621,1,0,1,1,0,0,2,0,0,61.3,147.0,2.325,,2.0
2026-09-05T14:54:49.954982,1,0,0,0,0,0,12,0,0,61.3,147.0,2.325,,2.0
2026-09-05T15:10:11.015018,0,0,0,0,0,0,2,0,0,63.0,147.0,2.325,,2.0
2026-09-05T15:25:31.840393,0,0,0,0,0,0,0,0,0,63.0,147.0,2.325,,2.0
2026-09-05T15:34:26.986644,0,0,0,0,0,0,0,0,0,63.0,147.0,2.325,,2.0
2026-09-05T15:40:51.642614,0,0,0,0,0,0,3,0,0,63.0,147.0,2.325,,2.0
2026-09-05T15:56:11.078003,0,0,2,0,0,1,14,0,0,63.0,147.0,2.325,,2.0
2026-09-05T16:11:31.632363,0,0,0,0,0,0,0,0,0,63.0,147.0,2.325,,2.0
2026-09-05T16:26:50.990743,0,0,0,0,0,0,0,0,0,63.0,147.0,2.325,,2.0
2026-09-05T16:42:11.463762,0,0,0,0,0,0,3,0,0,63.0,147.0,2.325,,2.0
2026-09-05T16:57:31.820576,0,0,0,0,0,0,0,0,0,63.0,147.0,2.325,,2.0
2026-09-05T17:12:51.704065,0,0,0,0,0,0,0,0,0,62.2,147.0,2.325,,2.0
2026-09-05T17:28:11.557177,0,0,0,0,0,0,0,0,0,62.2,147.0,2.325,,2.0
2026-09-05T17:41:03.674128,0,0,0,0,0,0,0,0,0,62.2,147.0,2.325,,2.0
2026-09-05T17:43:31.587171,0,0,0,0,0,0,0,0,0,62.2,147.0,2.325,,2.0
2026-09-05T17:58:51.767502,0,0,0,0,0,0,1,0,0,62.2,147.0,2.325,,2.0
2026-09-05T18:14:12.083860,0,0,0,0,0,0,0,0,0,58.5,147.0,2.325,,2.0
2026-09-05T18:30:17.521925,0,0,0,0,0,0,0,0,0,57.7,147.0,2.325,,2.0
2026-09-05T18:45:37.037592,0,0,0,0,0,0,0,0,0,60.5,147.0,2.325,,2.0
2026-09-05T19:00:56.613891,0,0,1,0,0,0,0,0,0,58.1,147.0,2.325,,2.0
2026-09-05T19:16:16.603506,0,0,0,0,0,0,0,0,0,58.1,147.0,2.325,,2.0
2026-09-05T19:31:36.240354,0,0,0,0,0,0,0,0,0,58.1,147.0,2.325,,2.0
2026-09-05T19:32:59.333525,0,0,0,0,0,0,0,0,0,58.1,147.0,2.325,,2.0
2026-09-05T19:46:56.386170,0,0,0,0,0,0,0,0,0,58.1,147.0,2.325,,2.0
2026-09-05T20:02:16.817469,0,2,2,0,0,0,0,0,0,57.5,147.0,2.325,,2.0
2026-09-05T20:17:36.699081,0,0,1,0,0,0,0,0,0,57.5,147.0,2.325,,2.0
2026-09-05T20:32:58.635514,0,0,0,0,0,0,0,0,0,57.5,147.0,2.325,,2.0
2026-09-05T20:48:18.451555,0,3,0,0,0,0,2,0,0,57.5,147.0,2.325,,2.0
2026-09-05T21:03:38.768134,0,0,0,0,0,0,1,0,0,54.5,147.0,2.325,,2.0
2026-09-05T21:18:59.405609,0,0,2,0,0,0,1,0,0,54.5,147.0,2.325,,2.0
2026-09-05T21:34:19.561832,0,0,1,0,0,0,1,0,0,54.5,147.0,2.325,,2.0
2026-09-05T21:43:27.501376,0,0,0,0,0,0,0,0,0,54.5,147.0,2.325,,2.0
2026-09-05T21:49:43.787800,0,0,2,0,0,0,0,0,0,54.5,147.0,2.325,,2.0
2026-09-05T22:05:03.876424,0,0,64,1,0,0,2,0,0,57.4,147.0,2.325,,2.0
2026-09-05T22:20:24.234440,0,0,43,0,0,0,7,0,0,57.4,147.0,2.325,,2.0
2026-09-05T22:35:44.275895,1,0,17,0,0,0,1,0,0,57.4,147.0,2.325,,2.0
2026-09-05T22:51:04.849725,0,0,0,0,0,1,7,0,0,57.4,147.0,2.325,,2.0
2026-09-05T23:06:25.040190,0,0,39,1,0,0,5,0,0,60.0,147.0,2.325,,2.0
2026-09-05T23:21:44.941885,0,1,85,2,0,3,49,0,0,60.0,147.0,2.325,,2.0
2026-09-05T23:23:26.179798,1,0,0,0,0,0,0,0,0,60.0,147.0,2.325,,2.0
2026-09-05T23:37:04.178062,1,0,91,0,0,9,25,0,0,60.0,147.0,2.325,,2.0
2026-09-05T23:52:23.692459,1,0,77,1,0,3,19,0,0,60.0,147.0,2.325,,2.0
2026-09-06T00:08:29.614765,0,0,82,4,0,6,48,0,0,58.7,146.0,2.325,,2.0
2026-09-06T00:23:49.725975,0,0,54,1,0,24,138,0,0,58.7,146.0,2.325,,2.0
2026-09-06T00:39:08.918213,0,0,205,3,0,30,125,0,0,58.7,146.0,2.325,,2.0
2026-09-06T00:54:28.640071,0,0,263,5,0,12,27,2,0,58.7,146.0,2.325,,2.0
2026-09-06T01:09:47.556170,0,1,450,1,0,8,41,0,0,55.3,146.0,2.325,,2.0
2026-09-06T01:14:59.106320,0,0,0,0,0,0,0,0,0,55.3,146.0,2.325,,2.0
2026-09-06T01:25:07.514648,0,8,409,0,0,10,142,0,0,55.3,146.0,2.325,,2.0
2026-09-06T01:40:27.540268,0,1,371,0,0,7,151,0,1,55.3,146.0,2.325,,2.0
2026-09-06T01:55:48.007869,0,3,403,0,0,20,103,0,0,55.3,146.0,2.325,,2.0
2026-09-06T02:11:08.636992,1,1,216,0,0,67,288,5,0,53.5,146.0,2.325,,2.0
2026-09-06T02:26:29.663828,1,8,191,0,0,53,305,0,5,53.5,146.0,2.325,,2.0
2026-09-06T02:41:54.288552,1,0,187,0,0,25,249,27,0,53.5,146.0,2.325,,2.0
2026-09-06T02:57:15.497919,1,1,366,0,0,17,303,16,0,53.5,146.0,2.325,,2.0
2026-09-06T03:12:36.453683,0,5,109,0,0,2,85,1,0,51.0,146.0,2.325,,2.0
2026-09-06T03:27:55.650477,0,0,100,0,0,2,105,1,0,51.0,146.0,2.325,,2.0
2026-09-06T03:43:15.925050,0,0,125,0,0,6,130,0,0,51.0,146.0,2.325,,2.0
2026-09-06T03:58:35.838409,0,0,248,0,0,4,129,1,0,51.0,146.0,2.325,,2.0
2026-09-06T04:13:56.386927,0,0,213,0,0,2,101,2,0,50.5,146.0,2.325,,2.0
2026-09-06T04:29:17.402954,0,1,158,0,0,5,163,0,0,50.5,146.0,2.325,,2.0
2026-09-06T04:44:37.891051,0,12,244,1,0,10,347,4,0,50.5,146.0,2.325,,2.0
2026-09-06T04:59:58.511336,0,22,74,1,0,4,134,0,3,50.5,146.0,2.325,,2.0
2026-09-06T05:15:20.267344,0,3,153,1,0,7,230,2,0,50.1,146.0,2.325,,2.0
2026-09-06T05:30:40.385362,1,4,263,2,0,4,182,15,0,50.1,146.0,2.325,,2.0
2026-09-06T05:46:48.260004,0,0,428,0,0,8,206,20,0,50.1,146.0,2.325,,2.0
2026-09-06T06:02:14.416312,0,0,0,0,0,0,0,0,0,52.8,146.0,2.325,,2.0
2026-09-06T06:02:08.258986,0,0,341,0,0,18,300,26,0,52.8,146.0,2.325,,2.0
2026-09-06T06:17:28.252749,0,0,297,1,0,19,218,17,0,50.0,146.0,2.325,,2.0
2026-09-06T06:32:49.362574,0,6,108,0,0,28,354,36,0,50.0,146.0,2.325,,2.0
2026-09-06T06:48:09.524308,0,1,16,0,0,7,246,29,0,49.2,146.0,2.325,,2.0
2026-09-06T07:03:30.001861,1,0,91,0,0,12,290,37,0,51.4,146.0,2.325,,2.0
2026-09-06T07:18:50.798446,0,0,280,0,0,16,171,18,1,51.4,146.0,2.325,,2.0
2026-09-06T07:34:10.953739,0,0,390,7,0,32,109,24,0,51.4,146.0,2.325,,2.0
2026-09-06T07:49:31.148521,0,12,380,6,0,4,114,18,0,51.4,146.0,2.325,,2.0
2026-09-06T08:04:51.107193,0,1,197,2,0,3,194,17,0,51.6,146.0,2.325,,2.0
2026-09-06T08:20:10.784856,0,2,312,1,0,4,98,17,0,51.6,146.0,2.325,,2.0
2026-09-06T08:35:31.420625,0,2,186,2,0,14,125,27,0,51.6,146.0,2.325,,2.0
2026-09-06T08:50:52.056495,1,0,182,1,0,10,101,32,0,51.6,146.0,2.325,,2.0
2026-09-06T09:06:12.362566,0,0,89,1,0,7,129,60,0,55.9,146.0,2.325,,2.0
2026-09-06T09:21:31.731480,0,0,122,1,0,3,70,12,0,55.9,146.0,2.325,,2.0
2026-09-06T09:36:52.093254,0,0,92,0,0,3,51,23,0,55.9,146.0,2.325,,2.0
2026-09-06T09:52:12.823998,0,0,35,0,0,2,38,17,0,55.9,146.0,2.325,,2.0
2026-09-06T10:07:33.426082,0,1,16,0,0,1,35,14,0,54.8,146.0,2.325,,2.0
2026-09-06T10:22:53.849855,0,2,104,0,0,1,48,21,0,54.8,146.0,2.325,,2.0
2026-09-06T10:38:14.065045,0,0,16,0,0,4,39,5,0,54.8,146.0,2.325,,2.0
2026-09-06T10:53:34.112146,0,4,48,0,0,3,78,7,0,54.8,146.0,2.325,,2.0
2026-09-06T10:58:56.671291,0,0,0,0,0,0,0,0,0,54.8,146.0,2.325,,2.0
2026-09-06T11:08:54.426499,0,0,52,1,0,3,135,22,5,51.9,146.0,2.325,,2.0
2026-09-06T11:24:59.504571,0,1,97,0,0,9,146,25,7,51.9,146.0,2.325,,2.0
2026-09-06T11:40:19.783739,0,0,64,0,0,19,251,49,7,51.9,146.0,2.325,,2.0
2026-09-06T11:55:40.027504,1,0,153,0,0,17,295,64,3,51.9,146.0,2.325,,2.0
2026-09-06T12:11:00.465456,0,0,20,1,0,19,426,63,0,52.5,146.0,2.325,,2.0
2026-09-06T12:26:20.677476,0,0,1,0,0,10,258,65,0,52.5,146.0,2.325,,2.0
2026-09-06T12:41:44.002499,0,0,23,0,0,10,71,37,0,58.9,146.0,2.325,,2.0
2026-09-06T12:57:04.468089,0,0,38,0,0,0,9,4,0,58.9,146.0,2.325,,2.0
2026-09-06T13:12:24.474003,0,0,17,0,0,0,0,0,0,60.5,146.0,2.325,,2.0
2026-09-06T13:27:44.708647,0,0,0,0,0,0,2,2,0,60.5,146.0,2.325,,2.0
2026-09-06T13:43:04.799413,0,0,0,0,0,0,0,0,0,60.5,146.0,2.325,,2.0
2026-09-06T13:58:24.152535,0,2,3,0,0,0,0,0,0,60.5,146.0,2.325,,2.0
2026-09-06T14:06:57.284393,0,0,0,0,0,0,0,0,0,63.0,146.0,2.325,,2.0
2026-09-06T14:13:44.056247,0,0,0,0,0,0,0,0,0,63.0,146.0,2.325,,2.0
2026-09-06T14:29:04.464128,0,0,0,0,0,0,0,0,0,63.0,146.0,2.325,,2.0
2026-09-06T14:44:24.941202,1,1,16,0,0,0,6,0,0,63.0,146.0,2.325,,2.0
2026-09-06T14:59:44.878068,0,0,0,0,0,0,1,0,0,63.0,146.0,2.325,,2.0
2026-09-06T15:15:05.636787,0,0,0,0,0,0,0,0,0,60.3,146.0,2.325,,2.0
2026-09-06T15:30:26.529129,0,0,0,0,0,0,0,0,0,60.3,146.0,2.325,,2.0
2026-09-06T15:45:46.377415,0,0,0,0,0,0,0,0,0,60.3,146.0,2.325,,2.0
2026-09-06T16:01:07.002991,0,0,0,0,0,0,0,0,0,60.4,146.0,2.325,,2.0
2026-09-06T16:16:27.805985,0,0,0,0,0,0,0,0,0,60.4,146.0,2.325,,2.0
2026-09-06T16:31:47.956975,0,0,0,0,0,0,0,0,0,60.4,146.0,2.325,,2.0
2026-09-06T16:47:07.150042,1,0,0,0,0,0,0,0,0,60.4,146.0,2.325,,2.0
2026-09-06T17:03:13.070877,1,0,0,0,0,0,1,0,0,67.0,146.0,2.325,,2.0
2026-09-06T17:04:02.079325,1,0,0,0,0,0,0,0,0,67.0,146.0,2.325,,2.0
2026-09-06T17:18:32.994638,1,0,0,0,0,0,0,0,0,67.0,146.0,2.325,,2.0
2026-09-06T17:33:53.128468,0,0,0,0,0,0,0,0,0,67.0,146.0,2.325,,2.0
2026-09-06T17:49:13.351147,1,0,0,0,0,0,0,0,0,67.0,146.0,2.325,,2.0
2026-09-06T18:04:34.270042,0,0,0,0,0,0,0,0,0,62.2,146.0,2.325,,2.0
2026-09-06T18:19:54.013298,0,0,0,0,0,0,0,0,0,62.2,146.0,2.325,,2.0
2026-09-06T18:35:15.286938,0,0,0,0,0,0,0,0,0,62.2,146.0,2.325,,2.0
2026-09-06T18:50:35.303131,0,0,0,0,0,0,0,0,0,62.2,146.0,2.325,,2.0
2026-09-06T19:05:56.361496,0,0,0,0,0,0,0,0,0,70.7,146.0,2.325,,2.0
2026-09-06T19:12:18.677943,0,0,0,0,0,0,0,0,0,70.7,146.0,2.325,,2.0
2026-09-06T19:21:17.837376,0,0,0,0,0,0,1,0,0,70.5,146.0,2.325,,2.0
2026-09-06T19:36:38.312756,1,0,4,0,0,0,0,0,0,70.5,146.0,2.325,,2.0
2026-09-06T19:52:07.475784,1,2,0,0,0,0,0,0,0,70.5,146.0,2.325,,2.0
2026-09-06T20:07:27.705119,1,0,3,0,0,0,1,0,0,71.3,146.0,2.325,,2.0
2026-09-06T20:22:47.880778,1,2,0,0,0,0,1,0,0,71.3,146.0,2.325,,2.0
2026-09-06T20:38:07.882020,1,1,0,0,0,0,1,0,0,71.3,146.0,2.325,,2.0
2026-09-06T20:53:27.739512,1,4,2,0,0,0,3,0,0,71.3,146.0,2.325,,2.0
2026-09-06T21:08:48.375033,0,0,0,0,0,0,7,0,0,71.5,146.0,2.325,,2.0
2026-09-06T21:23:54.141930,0,0,0,0,0,0,0,0,0,71.5,146.0,2.325,,2.0
2026-09-06T21:24:08.390471,0,0,8,0,0,12,3,0,0,71.5,146.0,2.325,,2.0
2026-09-06T21:39:28.687154,0,0,12,0,0,1,0,0,0,71.5,146.0,2.325,,2.0
2026-09-06T21:54:47.926594,0,2,14,0,0,2,3,0,0,71.5,146.0,2.325,,2.0
2026-09-06T22:10:07.751058,1,2,1,0,0,2,8,0,0,67.9,146.0,2.325,,2.0
2026-09-06T22:25:27.168751,1,0,0,0,0,4,29,0,0,67.9,146.0,2.325,,2.0
2026-09-06T22:41:30.237789,1,0,1,0,0,0,4,0,0,67.9,146.0,2.325,,2.0
2026-09-06T22:56:49.870824,1,1,5,0,0,3,19,0,0,67.9,146.0,2.325,,2.0
2026-09-06T23:00:05.842506,1,0,0,0,0,0,0,0,0,72.5,146.0,2.325,,2.0
2026-09-06T23:12:13.438555,1,0,0,0,0,1,10,1,0,72.5,146.0,2.325,,2.0
2026-09-06T23:27:33.944755,1,6,2,0,0,0,2,0,0,72.5,146.0,2.325,,2.0
2026-09-06T23:42:55.002357,1,2,0,0,0,4,6,0,0,72.5,146.0,2.325,,2.0
2026-09-06T23:58:14.874967,1,4,4,0,0,2,13,0,0,72.5,146.0,2.325,,2.0
2026-09-07T00:13:34.478222,0,6,75,0,0,2,26,0,0,75.5,143.0,2.325,,2.0
2026-09-07T00:28:53.908405,0,12,13,0,0,7,115,5,0,75.5,143.0,2.325,,2.0
2026-09-07T00:44:15.057125,0,0,2,0,0,9,105,6,0,75.5,143.0,2.325,,2.0
2026-09-07T00:53:15.653474,0,0,0,0,0,0,0,0,0,76.7,143.0,2.325,,2.0
2026-09-07T00:59:34.963512,1,0,47,0,0,3,286,12,0,75.5,143.0,2.325,,2.0
2026-09-07T01:14:55.285499,1,0,5,0,0,6,237,6,0,77.9,143.0,2.325,,2.0
2026-09-07T01:30:14.679743,1,0,0,0,0,5,50,2,0,77.9,143.0,2.325,,2.0
2026-09-07T01:45:34.900814,1,0,42,0,0,0,14,2,0,77.9,143.0,2.325,,2.0
2026-09-07T02:00:54.642809,1,0,28,0,0,0,25,2,0,86.4,143.0,2.325,,2.0
2026-09-07T02:16:14.346066,1,0,126,0,0,1,1,0,0,86.4,143.0,2.325,,2.0
2026-09-07T02:31:33.776902,1,2,195,1,0,2,25,2,0,86.4,143.0,2.325,,2.0
2026-09-07T02:46:55.487750,1,0,37,0,0,1,36,2,0,86.4,143.0,2.325,,2.0
2026-09-07T03:02:15.920337,1,0,77,0,0,1,35,4,0,89.1,143.0,2.325,,2.0
2026-09-07T03:17:58.836703,0,0,10,0,0,10,104,11,0,89.1,143.0,2.325,,2.0
2026-09-07T03:33:20.827635,0,0,32,0,0,8,285,29,0,89.1,143.0,2.325,,2.0
2026-09-07T03:48:39.976823,0,1,95,0,0,8,285,26,0,89.1,143.0,2.325,,2.0
2026-09-07T04:04:01.043718,1,0,74,0,0,34,381,28,0,87.6,143.0,2.325,,2.0
2026-09-07T04:20:04.463078,1,0,37,0,0,23,194,21,0,87.6,143.0,2.325,,2.0
2026-09-07T04:35:24.441053,2,0,27,0,0,21,246,27,0,87.6,143.0,2.325,,2.0
2026-09-07T04:50:44.510271,1,1,35,0,0,5,179,15,0,87.6,143.0,2.325,,2.0
2026-09-07T05:06:04.885975,2,0,65,0,0,6,163,6,0,83.9,143.0,2.325,,2.0
2026-09-07T05:21:24.150586,2,0,43,0,0,14,285,18,0,83.9,143.0,2.325,,2.0
2026-09-07T05:36:44.750741,2,0,48,0,0,1,61,2,0,83.9,143.0,2.325,,2.0
2026-09-07T05:47:23.597407,2,0,0,0,0,0,0,0,0,83.9,143.0,2.325,,2.0
2026-09-07T05:52:04.852125,2,0,110,0,0,2,67,8,0,83.9,143.0,2.325,,2.0
2026-09-07T06:07:26.013399,0,8,57,0,0,2,47,8,0,84.4,143.0,2.325,,2.0
2026-09-07T06:22:46.679980,0,0,27,0,0,1,25,3,0,84.4,143.0,2.325,,2.0
2026-09-07T06:38:06.447740,0,0,67,0,0,4,36,3,0,86.8,143.0,2.325,,2.0
2026-09-07T11:52:02.548747,4,0,0,0,0,0,0,0,0,47.6,143.0,2.325,,2.0
2026-09-07T17:28:26.728843,3,0,0,0,0,0,0,0,0,67.8,143.0,2.325,,2.0
2026-09-07T20:45:28.213488,4,0,0,0,0,0,0,0,0,76.5,143.0,2.325,,2.0
2026-09-07T23:20:01.638272,4,0,0,0,0,0,0,0,0,,143.0,2.325,,2.0
2026-09-08T01:19:22.999241,4,0,0,0,0,0,0,0,0,85.7,142.0,2.325,,2.0
2026-09-08T06:21:13.402169,0,0,0,0,0,0,0,0,0,95.5,142.0,2.325,,2.0
2026-09-08T11:36:46.041346,4,0,0,0,0,0,0,0,0,98.1,142.0,2.325,,2.0
2026-09-08T15:19:40.299873,1,0,0,0,0,0,0,0,0,103.4,142.0,2.325,,2.0
2026-09-08T18:53:17.648302,1,0,0,0,0,0,0,0,0,103.7,142.0,2.325,,2.0
2026-09-08T21:39:41.899257,3,0,0,0,0,0,0,0,0,106.0,142.0,2.325,,2.0
2026-09-08T23:40:20.501280,3,0,0,0,0,0,0,0,0,111.3,142.0,2.325,,2.0
2026-09-09T01:34:37.824741,2,0,0,0,0,0,0,0,0,110.3,211.0,2.325,,2.0
2026-09-09T06:43:01.617923,1,0,0,0,0,0,0,0,0,111.1,211.0,2.325,,2.0
2026-09-09T11:56:44.696378,2,0,0,0,0,0,0,0,0,106.4,211.0,2.325,,2.0
2026-09-09T16:20:55.914039,2,0,0,0,0,0,0,0,0,103.7,211.0,2.325,,2.0
2026-09-09T19:22:24.854995,1,0,0,0,0,0,0,0,0,96.7,211.0,2.325,,2.0
2026-09-09T21:51:10.176709,2,0,0,0,0,0,0,0,0,96.6,211.0,2.325,,2.0
2026-09-09T23:53:05.774351,2,0,0,0,0,0,0,0,0,103.0,211.0,2.325,,2.0
2026-09-10T03:37:24.309262,2,0,0,0,0,0,0,0,0,123.9,145.0,2.325,,2.0
2026-09-10T04:38:12.432695,3,8,45,0,0,0,9,1,0,122.4,145.0,2.325,,2.0
2026-09-10T04:54:20.929163,3,1,38,0,0,3,37,0,0,122.4,145.0,2.325,,2.0
2026-09-10T05:09:46.346160,3,11,19,0,0,1,24,0,0,123.8,145.0,2.325,,2.0
2026-09-10T05:14:50.153020,2,18,24,0,0,2,23,0,0,123.8,145.0,2.325,,2.0
2026-09-10T05:30:09.884899,3,9,83,1,0,1,5,0,0,123.8,145.0,2.325,,2.0
2026-09-10T05:45:28.516453,3,17,36,1,0,4,27,0,0,123.8,145.0,2.325,,2.0
2026-09-10T06:00:46.933547,3,2,13,0,0,1,23,0,0,124.6,145.0,2.325,,2.0
2026-09-10T06:11:37.876469,0,2,124,0,0,0,15,0,0,124.6,145.0,2.325,,2.0
2026-09-10T06:27:00.530553,0,8,67,0,0,4,35,0,0,124.6,145.0,2.325,,2.0
2026-09-10T06:42:46.586572,1,0,128,1,0,5,50,0,0,124.6,145.0,2.325,,2.0
2026-09-10T06:58:20.159693,2,1,155,0,0,6,71,1,0,126.1,145.0,2.325,,2.0
2026-09-10T07:13:45.701818,1,2,85,0,0,14,96,0,0,126.1,145.0,2.325,,2.0
2026-09-10T07:29:12.486766,1,9,110,1,0,12,44,1,0,126.1,145.0,2.325,,2.0
2026-09-10T07:37:42.589459,2,8,149,0,0,9,85,0,0,126.1,145.0,2.325,,2.0
2026-09-10T07:47:55.550969,1,0,25,0,0,3,48,0,0,126.1,145.0,2.325,,2.0
2026-09-10T07:53:03.345229,1,5,30,0,0,3,23,0,0,126.1,145.0,2.325,,2.0
2026-09-10T08:11:12.109671,1,0,112,0,0,1,11,0,0,125.0,145.0,2.325,,2.0
2026-09-10T08:25:10.882300,2,0,0,0,0,0,0,0,0,125.0,145.0,2.325,,2.0
2026-09-10T08:26:42.720499,1,0,0,0,0,2,16,0,0,125.0,145.0,2.325,,2.0
2026-09-10T08:42:01.303472,1,5,82,0,0,4,68,5,0,125.0,145.0,2.325,,2.0
2026-09-10T08:57:20.193260,1,15,57,0,0,10,59,0,2,125.0,145.0,2.325,,2.0
2026-09-10T09:03:54.328374,1,22,65,0,0,5,69,7,0,124.8,145.0,2.325,,2.0
2026-09-10T09:06:48.385126,0,11,25,0,0,3,75,11,0,124.8,145.0,2.325,,2.0
2026-09-10T09:22:10.232121,0,12,104,0,0,8,89,7,0,124.8,145.0,2.325,,2.0
2026-09-10T09:37:28.442088,1,16,36,2,0,4,65,4,0,124.8,145.0,2.325,,2.0
2026-09-10T09:52:51.586810,0,49,232,5,0,11,152,0,0,124.8,145.0,2.325,,2.0
2026-09-10T10:08:11.114559,1,25,195,8,0,49,219,0,0,124.0,145.0,2.325,,2.0
2026-09-10T10:23:30.964436,1,12,63,6,0,15,194,0,0,124.0,145.0,2.325,,2.0
2026-09-10T10:39:30.962803,1,34,183,7,0,5,99,16,0,124.0,145.0,2.325,,2.0
2026-09-10T10:54:51.568676,1,4,164,9,0,7,25,2,0,124.0,145.0,2.325,,2.0
2026-09-10T11:10:11.150395,1,52,642,46,0,0,0,0,0,124.1,145.0,2.325,,2.0
2026-09-10T11:25:31.192750,1,31,545,17,0,6,32,3,0,124.1,145.0,2.325,,2.0
2026-09-10T11:40:55.861966,2,18,350,18,0,2,20,0,0,124.1,145.0,2.325,,2.0
2026-09-10T11:56:15.888003,2,23,196,10,0,2,8,0,0,124.1,145.0,2.325,,2.0
2026-09-10T12:11:36.121997,0,1,214,1,0,0,10,0,0,124.0,145.0,2.325,,2.0
2026-09-10T12:26:55.176248,0,6,150,14,0,0,20,1,0,124.0,145.0,2.325,,2.0
2026-09-10T12:42:16.118103,1,4,145,6,0,0,18,2,0,124.0,145.0,2.325,,2.0
2026-09-10T12:57:35.397723,1,6,29,1,0,1,3,0,0,129.1,145.0,2.325,,2.0
2026-09-10T13:03:16.136503,1,0,0,0,0,0,0,0,0,127.2,145.0,2.325,,2.0
2026-09-10T13:12:55.823688,1,0,31,0,0,1,5,0,0,127.2,145.0,2.325,,2.0
2026-09-10T13:28:16.594858,1,0,34,0,0,0,3,0,0,127.2,145.0,2.325,,2.0
2026-09-10T13:43:36.268515,2,0,50,0,0,0,4,0,0,127.2,145.0,2.325,,2.0
2026-09-10T13:58:55.524885,2,0,32,0,0,0,7,0,0,127.2,145.0,2.325,,2.0
2026-09-10T14:14:15.143555,1,0,22,0,0,0,3,0,0,126.8,145.0,2.325,,2.0
2026-09-10T14:29:37.063739,2,0,26,0,0,0,1,0,0,126.8,145.0,2.325,,2.0
2026-09-10T14:44:56.913534,2,0,2,0,0,0,2,0,0,126.8,145.0,2.325,,2.0
2026-09-10T15:00:17.036228,2,0,0,0,0,0,0,0,0,126.2,145.0,2.325,,2.0
2026-09-10T15:15:36.535546,0,0,0,0,0,0,1,0,0,126.2,145.0,2.325,,2.0
2026-09-10T15:30:58.198954,0,0,7,0,0,0,2,0,0,126.2,145.0,2.325,,2.0
2026-09-10T15:46:17.970270,0,0,0,0,0,0,1,0,0,126.2,145.0,2.325,,2.0
2026-09-10T16:01:37.327335,0,0,0,0,0,0,0,0,0,124.7,145.0,2.325,,2.0
2026-09-10T16:17:35.211004,0,0,0,0,0,0,0,0,0,124.7,145.0,2.325,,2.0
2026-09-10T16:32:55.082326,0,0,0,0,0,0,0,0,0,124.7,145.0,2.325,,2.0
2026-09-10T16:48:16.459266,0,0,0,0,0,0,0,0,0,124.7,145.0,2.325,,2.0
2026-09-10T17:00:35.762643,0,0,0,0,0,0,0,0,0,123.6,145.0,2.325,,2.0
2026-09-10T17:03:36.071896,0,0,0,0,0,0,0,0,0,123.6,145.0,2.325,,2.0
2026-09-10T17:18:56.356399,1,0,0,0,0,0,0,0,0,123.6,145.0,2.325,,2.0
2026-09-10T17:34:16.833140,1,0,0,0,0,0,0,0,0,123.6,145.0,2.325,,2.0
2026-09-10T17:49:38.110472,1,0,0,0,0,0,0,0,0,123.6,145.0,2.325,,2.0
2026-09-10T18:04:58.373356,0,0,0,0,0,0,0,0,0,120.5,145.0,2.325,,2.0
2026-09-10T18:20:18.587725,0,0,0,0,0,0,0,0,0,120.5,145.0,2.325,,2.0
2026-09-10T18:35:39.388036,0,0,0,0,0,0,0,0,0,120.5,145.0,2.325,,2.0
2026-09-10T18:50:59.508349,0,0,0,0,0,0,0,0,0,120.5,145.0,2.325,,2.0
2026-09-10T19:06:19.514251,0,0,0,0,0,0,0,0,0,116.4,145.0,2.325,,2.0
2026-09-10T19:21:39.050672,0,0,0,0,0,0,0,0,0,116.4,145.0,2.325,,2.0
2026-09-10T19:36:58.574103,0,0,0,0,0,0,0,0,0,116.3,145.0,2.325,,2.0
2026-09-10T19:42:18.131808,0,0,0,0,0,0,0,0,0,116.3,145.0,2.325,,2.0
2026-09-10T19:52:18.091646,1,3,3,0,0,0,0,0,0,114.4,145.0,2.325,,2.0
2026-09-10T20:07:38.038460,1,1,0,0,0,0,0,0,0,110.0,145.0,2.325,,2.0
2026-09-10T20:22:57.715934,1,3,0,0,0,0,0,0,0,110.0,145.0,2.325,,2.0
2026-09-10T20:38:16.966363,0,0,0,0,0,0,0,0,0,110.0,145.0,2.325,,2.0
2026-09-10T20:53:37.121758,1,0,0,0,0,0,1,0,0,110.0,145.0,2.325,,2.0
2026-09-10T21:08:56.804349,0,2,0,0,0,0,2,0,0,101.8,145.0,2.325,,2.0
2026-09-10T21:24:16.586918,0,0,0,0,0,0,7,0,0,101.8,145.0,2.325,,2.0
2026-09-10T21:39:35.675050,2,0,4,0,0,1,18,0,0,101.8,145.0,2.325,,2.0
2026-09-10T21:55:36.539796,3,0,0,0,0,2,21,0,0,101.8,145.0,2.325,,2.0
2026-09-10T21:56:49.853702,3,0,0,0,0,0,0,0,0,101.8,145.0,2.325,,2.0
2026-09-10T22:10:55.697542,2,0,0,0,0,0,28,0,0,93.8,145.0,2.325,,2.0
2026-09-10T22:26:15.406316,3,0,12,0,0,0,26,2,0,93.8,145.0,2.325,,2.0
2026-09-10T22:41:35.937011,3,0,4,0,0,0,21,0,0,93.8,145.0,2.325,,2.0
2026-09-10T22:56:58.883941,3,0,11,0,0,4,28,3,0,93.8,145.0,2.325,,2.0
2026-09-10T23:12:17.657543,3,0,5,0,0,2,37,0,0,98.2,145.0,2.325,,2.0
2026-09-10T23:27:35.879350,3,1,9,0,0,2,17,0,0,98.2,145.0,2.325,,2.0
2026-09-10T23:42:56.208725,3,0,30,0,0,4,38,0,0,98.2,145.0,2.325,,2.0
2026-09-10T23:54:50.657007,3,0,0,0,0,0,0,0,0,98.2,145.0,2.325,,2.0
2026-09-10T23:58:14.638699,3,2,30,0,0,4,36,0,0,98.2,145.0,2.325,,2.0
2026-09-11T00:13:32.971122,0,0,29,0,0,5,47,0,0,97.9,138.0,2.325,,2.0
2026-09-11T00:28:55.441606,0,0,10,0,0,2,47,0,0,97.9,138.0,2.325,,2.0
2026-09-11T00:44:13.802759,0,3,50,0,1,5,92,0,0,96.5,138.0,2.325,,2.0
2026-09-11T00:59:32.321542,0,0,22,0,0,2,83,2,0,95.0,138.0,2.325,,2.0
2026-09-11T01:14:51.795829,0,1,107,0,0,1,41,0,0,90.2,138.0,2.325,,2.0
2026-09-11T01:30:11.756490,0,0,75,0,0,2,28,0,0,90.2,138.0,2.325,,2.0
2026-09-11T01:45:30.379287,0,1,75,0,0,1,28,0,0,90.2,138.0,2.325,,2.0
2026-09-11T02:00:49.197099,0,0,107,0,0,0,6,0,0,81.5,138.0,2.325,,2.0
2026-09-11T02:16:08.145039,0,0,116,0,0,0,9,0,0,81.5,138.0,2.325,,2.0
2026-09-11T02:31:26.174044,1,0,75,0,0,2,17,0,0,81.5,138.0,2.325,,2.0
2026-09-11T02:46:45.102032,1,0,77,0,0,3,31,3,0,81.5,138.0,2.325,,2.0
2026-09-11T03:02:03.434044,1,0,13,0,0,1,7,0,0,77.8,138.0,2.325,,2.0
2026-09-11T03:17:23.539427,0,0,86,0,0,0,12,0,0,77.8,138.0,2.325,,2.0
2026-09-11T03:33:20.523476,0,0,262,0,0,2,28,0,0,77.8,138.0,2.325,,2.0
2026-09-11T03:35:27.634111,1,0,0,0,0,0,0,0,0,77.8,138.0,2.325,,2.0
2026-09-11T03:48:40.410224,2,0,41,0,0,0,39,0,0,77.8,138.0,2.325,,2.0
2026-09-11T04:03:59.311298,2,0,85,0,0,1,9,0,0,77.3,138.0,2.325,,2.0
2026-09-11T04:19:19.274563,2,0,5,0,0,0,3,0,0,77.3,138.0,2.325,,2.0
2026-09-11T04:34:37.754783,2,0,60,0,0,0,18,3,0,77.3,138.0,2.325,,2.0
2026-09-11T04:49:55.772789,2,0,20,1,0,8,139,5,0,77.3,138.0,2.325,,2.0
2026-09-11T05:05:14.795005,2,0,113,0,0,8,120,11,0,78.4,138.0,2.325,,2.0
2026-09-11T05:20:35.210961,2,0,119,0,0,7,197,16,0,78.4,138.0,2.325,,2.0
2026-09-11T05:35:53.755024,2,0,62,0,0,16,248,12,0,78.4,138.0,2.325,,2.0
2026-09-11T05:51:13.353709,2,0,124,0,0,6,142,1,0,78.4,138.0,2.325,,2.0
2026-09-11T06:06:33.069565,0,1,634,4,0,5,74,4,0,80.2,138.0,2.325,,2.0
2026-09-11T06:21:51.601662,0,2,299,3,0,10,181,4,0,80.2,138.0,2.325,,2.0
2026-09-11T06:37:11.177817,1,20,244,20,0,17,215,1,0,80.2,138.0,2.325,,2.0
2026-09-11T06:52:39.085805,0,31,248,5,0,22,272,0,0,79.7,138.0,2.325,,2.0
2026-09-11T07:07:59.214636,1,29,130,4,0,24,307,9,0,80.4,138.0,2.325,,2.0
2026-09-11T07:23:18.077430,1,6,58,0,0,50,612,32,0,80.4,138.0,2.325,,2.0
2026-09-11T07:38:36.981395,0,1,10,0,0,39,564,32,0,80.4,138.0,2.325,,2.0
2026-09-11T07:53:55.339468,1,17,30,1,0,57,538,25,7,80.4,138.0,2.325,,2.0
2026-09-11T08:09:15.277792,1,9,241,7,0,41,343,13,0,81.5,138.0,2.325,,2.0
2026-09-11T08:19:24.906524,1,0,0,0,0,0,0,0,0,81.5,138.0,2.325,,2.0
2026-09-11T08:24:34.067768,1,26,199,1,0,57,512,22,0,81.5,138.0,2.325,,2.0
2026-09-11T08:39:53.115357,1,5,16,1,0,71,459,19,0,81.5,138.0,2.325,,2.0
2026-09-11T08:55:12.830051,2,9,4,0,0,85,445,28,0,81.5,138.0,2.325,,2.0
2026-09-11T09:11:10.318045,0,8,58,0,0,64,374,24,9,84.3,138.0,2.325,,2.0
2026-09-11T09:26:30.280497,0,17,45,0,0,60,424,14,0,84.3,138.0,2.325,,2.0
2026-09-11T09:41:51.131226,0,4,44,0,0,44,327,16,0,84.3,138.0,2.325,,2.0
2026-09-11T09:57:10.245842,0,10,3,0,0,17,71,12,0,84.3,138.0,2.325,,2.0
2026-09-11T10:12:29.300294,2,27,77,1,0,44,230,29,0,84.2,138.0,2.325,,2.0
2026-09-11T10:27:48.488861,2,19,112,1,0,48,338,30,0,84.2,138.0,2.325,,2.0
2026-09-11T10:43:07.659414,2,16,26,0,0,82,455,60,0,84.2,138.0,2.325,,2.0
2026-09-11T10:58:27.363028,2,8,63,3,0,87,430,58,0,84.2,138.0,2.325,,2.0
2026-09-11T11:13:46.880012,2,15,6,6,0,36,318,45,0,80.5,138.0,2.325,,2.0
2026-09-11T11:29:06.397461,2,4,42,1,0,86,581,66,0,80.5,138.0,2.325,,2.0
2026-09-11T11:44:25.902007,2,0,5,1,0,36,190,35,0,80.5,138.0,2.325,,2.0
2026-09-11T11:59:45.754264,2,0,16,0,0,29,173,16,5,80.5,138.0,2.325,,2.0
2026-09-11T12:15:04.928531,0,0,65,0,0,27,95,9,0,80.7,138.0,2.325,,2.0
2026-09-11T12:30:23.530943,1,1,42,0,0,15,133,16,0,80.7,138.0,2.325,,2.0
2026-09-11T12:45:42.544578,1,0,79,0,0,19,170,13,3,80.7,138.0,2.325,,2.0
2026-09-11T12:57:47.554626,1,0,0,0,0,0,0,0,0,84.1,138.0,2.325,,2.0
2026-09-11T13:01:02.701362,1,1,8,0,0,2,48,3,0,84.9,138.0,2.325,,2.0
2026-09-11T13:16:23.726666,1,5,28,0,0,0,7,0,0,84.9,138.0,2.325,,2.0
2026-09-11T13:31:43.302312,1,0,16,0,0,0,4,0,0,84.9,138.0,2.325,,2.0
2026-09-11T13:47:04.631099,1,2,12,0,0,1,4,0,0,84.9,138.0,2.325,,2.0
2026-09-11T14:02:24.771201,1,0,9,0,0,0,2,0,0,86.8,138.0,2.325,,2.0
2026-09-11T14:17:43.736575,1,0,6,0,0,0,4,0,0,86.8,138.0,2.325,,2.0
2026-09-11T14:33:03.589044,1,0,1,0,0,2,0,0,0,86.8,138.0,2.325,,2.0
2026-09-11T14:49:01.425653,1,0,9,0,0,0,0,0,0,86.8,138.0,2.325,,2.0
2026-09-11T15:04:20.600355,1,0,0,0,0,0,1,0,0,86.8,138.0,2.325,,2.0
2026-09-11T15:19:40.117852,0,0,9,0,0,0,2,0,0,86.8,138.0,2.325,,2.0
2026-09-11T15:34:58.603163,0,0,0,0,0,0,3,0,0,86.8,138.0,2.325,,2.0
2026-09-11T15:50:17.639065,0,0,0,0,0,0,2,0,0,86.8,138.0,2.325,,2.0
2026-09-11T16:05:37.069174,0,0,0,0,0,1,2,0,0,87.9,138.0,2.325,,2.0
2026-09-11T16:20:55.701720,1,0,0,0,0,0,0,0,0,87.9,138.0,2.325,,2.0
2026-09-11T16:36:15.104279,1,0,0,0,0,0,0,0,0,87.9,138.0,2.325,,2.0
2026-09-11T16:51:34.821405,1,0,9,0,0,0,0,0,0,87.9,138.0,2.325,,2.0
2026-09-11T16:59:41.187850,1,0,0,0,0,0,0,0,0,87.9,138.0,2.325,,2.0
2026-09-11T17:06:53.962026,1,0,0,0,0,0,0,0,0,87.1,138.0,2.325,,2.0
2026-09-11T17:22:15.615719,1,0,0,0,0,0,0,0,0,87.1,138.0,2.325,,2.0
2026-09-11T17:37:35.071252,2,0,0,0,0,0,0,0,0,87.1,138.0,2.325,,2.0
2026-09-11T17:52:55.290266,1,0,0,0,0,0,0,0,0,87.1,138.0,2.325,,2.0
2026-09-11T18:08:14.052553,0,0,0,0,0,0,0,0,0,83.8,138.0,2.325,,2.0
2026-09-11T18:23:34.485710,0,0,0,0,0,0,0,0,0,83.8,138.0,2.325,,2.0
2026-09-11T18:38:53.769129,0,0,0,0,0,0,0,0,0,83.8,138.0,2.325,,2.0
2026-09-11T18:54:12.400324,0,0,0,0,0,0,0,0,0,83.8,138.0,2.325,,2.0
2026-09-11T19:09:31.406169,1,0,0,0,0,0,0,0,0,84.3,138.0,2.325,,2.0
2026-09-11T19:24:49.855375,1,0,2,0,0,0,0,0,0,82.5,138.0,2.325,,2.0
2026-09-11T19:34:26.124129,1,0,0,0,0,0,0,0,0,82.5,138.0,2.325,,2.0
2026-09-11T19:40:08.713592,1,0,0,0,0,0,0,0,0,82.5,138.0,2.325,,2.0
2026-09-11T19:55:27.833491,1,2,0,0,0,0,0,0,0,82.5,138.0,2.325,,2.0
2026-09-11T20:10:46.955187,1,0,12,0,0,0,0,0,0,82.7,138.0,2.325,,2.0
2026-09-11T20:26:43.677225,1,0,0,0,0,0,0,0,0,82.7,138.0,2.325,,2.0
2026-09-11T20:42:02.326252,1,0,1,0,0,0,0,0,0,82.7,138.0,2.325,,2.0
2026-09-11T20:57:21.829429,1,0,0,0,0,0,0,0,0,82.7,138.0,2.325,,2.0
2026-09-11T21:12:40.683329,0,2,6,0,0,0,7,0,0,83.7,138.0,2.325,,2.0
2026-09-11T21:27:59.940446,0,0,1,0,0,0,1,0,0,83.7,138.0,2.325,,2.0
2026-09-11T21:43:19.091844,1,0,42,0,0,0,5,0,0,83.7,138.0,2.325,,2.0
2026-09-11T21:57:58.699690,1,0,0,0,0,0,0,0,0,83.7,138.0,2.325,,2.0
2026-09-11T21:58:39.995173,1,0,17,0,0,0,4,0,0,83.7,138.0,2.325,,2.0
2026-09-11T22:13:59.088332,1,0,1,0,0,1,15,0,0,83.9,138.0,2.325,,2.0
2026-09-11T22:29:17.995545,1,0,25,0,0,0,46,0,0,83.9,138.0,2.325,,2.0
2026-09-11T22:44:37.323439,1,0,16,0,0,0,17,0,1,83.9,138.0,2.325,,2.0
2026-09-11T22:59:56.891135,1,0,7,0,0,8,79,2,3,83.9,138.0,2.325,,2.0
2026-09-11T23:15:15.813753,1,0,4,0,0,0,42,0,0,84.5,138.0,2.325,,2.0
2026-09-11T23:30:34.736125,2,0,50,0,0,1,13,0,0,84.5,138.0,2.325,,2.0
2026-09-11T23:45:52.496854,2,0,30,0,0,2,9,0,0,84.5,138.0,2.325,,2.0
2026-09-12T00:01:13.669229,2,1,34,0,0,0,14,0,0,82.2,138.0,2.325,,2.0
2026-09-12T00:06:13.648241,2,0,0,0,0,0,0,0,0,82.2,127.0,2.325,,2.0
2026-09-12T00:16:33.523390,0,0,72,3,0,3,35,0,0,82.2,127.0,2.325,,2.0
2026-09-12T00:31:53.464234,0,1,139,3,0,2,16,0,0,82.2,127.0,2.325,,2.0
2026-09-12T00:47:11.428717,1,0,115,0,0,5,31,0,0,81.8,127.0,2.325,,2.0
2026-09-12T01:02:30.117765,1,0,25,0,0,7,53,5,0,82.7,127.0,2.325,,2.0
2026-09-12T01:17:48.283084,1,5,135,0,0,11,137,4,0,82.7,127.0,2.325,,2.0
2026-09-12T01:33:06.901318,1,0,213,0,0,27,255,14,0,82.7,127.0,2.325,,2.0
2026-09-12T01:48:25.740724,1,0,79,0,0,3,103,9,0,82.7,127.0,2.325,,2.0
2026-09-12T02:04:23.049824,1,0,104,0,0,4,79,1,0,82.5,127.0,2.325,,2.0
2026-09-12T02:19:42.511821,1,0,119,0,0,2,33,1,0,82.5,127.0,2.325,,2.0
2026-09-12T02:35:01.539383,1,0,138,0,0,2,74,1,0,82.5,127.0,2.325,,2.0
2026-09-12T02:50:20.704697,1,0,526,0,0,2,28,4,0,82.5,127.0,2.325,,2.0
2026-09-12T03:05:40.198547,1,0,140,0,0,6,45,3,0,79.8,127.0,2.325,,2.0
2026-09-12T03:20:58.436539,0,0,132,0,0,9,43,5,0,79.8,127.0,2.325,,2.0
2026-09-12T03:36:17.535146,0,0,50,0,0,6,38,5,0,79.8,127.0,2.325,,2.0
2026-09-12T03:51:37.513615,1,0,99,0,0,1,7,2,0,79.8,127.0,2.325,,2.0
2026-09-12T04:06:56.082949,2,0,99,0,0,8,41,5,0,77.1,127.0,2.325,,2.0
2026-09-12T04:22:17.746126,2,0,120,1,0,9,24,7,0,77.1,127.0,2.325,,2.0
2026-09-12T04:36:13.526205,2,0,0,0,0,0,0,0,0,77.1,127.0,2.325,,2.0
2026-09-12T04:37:36.593154,2,0,168,1,0,3,32,6,0,77.1,127.0,2.325,,2.0
2026-09-12T04:52:55.037623,2,0,117,0,0,15,121,15,0,77.1,127.0,2.325,,2.0
2026-09-12T05:08:14.227840,2,1,80,0,0,9,80,8,0,75.5,127.0,2.325,,2.0
2026-09-12T05:23:34.054075,2,0,152,1,0,1,8,0,0,75.5,127.0,2.325,,2.0
2026-09-12T05:38:52.859931,2,0,111,2,0,16,73,5,0,75.5,127.0,2.325,,2.0
2026-09-12T05:54:12.289092,2,0,46,0,0,26,113,25,0,75.5,127.0,2.325,,2.0
2026-09-12T06:09:31.547291,0,0,15,3,0,21,248,22,0,74.5,127.0,2.325,,2.0
2026-09-12T06:24:55.451630,1,2,202,15,0,38,280,24,0,74.5,127.0,2.325,,2.0
2026-09-12T06:40:14.112127,1,0,120,4,0,19,243,33,2,76.7,127.0,2.325,,2.0
2026-09-12T06:55:33.652193,3,13,476,14,0,31,319,57,0,76.7,127.0,2.325,,2.0
2026-09-12T07:10:52.437838,2,1,592,16,0,31,233,72,0,77.5,127.0,2.325,,2.0
2026-09-12T07:26:11.795053,2,1,340,12,0,38,180,54,0,77.5,127.0,2.325,,2.0
2026-09-12T07:42:13.603846,2,0,229,17,0,33,197,11,14,77.5,127.0,2.325,,2.0
2026-09-12T07:57:32.947795,2,2,293,12,0,18,80,20,0,77.5,127.0,2.325,,2.0
2026-09-12T08:12:56.721121,2,0,865,21,0,22,60,26,0,77.6,127.0,2.325,,2.0
2026-09-12T08:28:15.834011,2,17,915,20,0,8,40,7,0,77.6,127.0,2.325,,2.0
2026-09-12T08:43:35.176143,2,12,716,13,0,23,128,9,0,77.6,127.0,2.325,,2.0
2026-09-12T08:51:23.161510,2,0,0,0,0,0,0,0,0,77.6,127.0,2.325,,2.0
2026-09-12T08:58:54.018347,2,15,599,14,0,20,119,29,0,77.6,127.0,2.325,,2.0
2026-09-12T09:14:12.910242,0,1,483,4,0,24,194,25,2,79.5,127.0,2.325,,2.0
2026-09-12T09:29:32.253423,0,6,207,1,0,17,262,15,0,79.5,127.0,2.325,,2.0
2026-09-12T09:44:50.649388,0,11,28,2,0,9,182,10,0,79.5,127.0,2.325,,2.0
2026-09-12T10:00:09.846132,0,1,89,0,0,6,212,6,0,80.3,127.0,2.325,,2.0
2026-09-12T10:15:28.836055,0,0,22,0,0,10,209,11,0,80.3,127.0,2.325,,2.0
2026-09-12T10:30:48.338437,0,0,33,1,0,10,227,8,0,80.3,127.0,2.325,,2.0
2026-09-12T10:46:08.016550,0,0,0,0,0,25,558,20,2,80.3,127.0,2.325,,2.0
2026-09-12T11:01:27.859248,0,3,0,0,0,26,700,0,2,80.3,127.0,2.325,,2.0
2026-09-12T11:16:46.722363,0,3,45,0,0,2,480,0,0,80.3,127.0,2.325,,2.0
2026-09-12T11:32:05.128168,2,0,64,10,0,0,436,80,0,80.3,127.0,2.325,,2.0
2026-09-12T11:47:24.291691,2,0,120,11,0,0,357,19,0,80.3,127.0,2.325,,2.0
2026-09-12T12:02:45.085015,2,0,89,14,0,0,69,25,0,81.8,127.0,2.325,,2.0
2026-09-12T12:18:03.689516,0,0,30,1,0,0,27,12,0,81.8,127.0,2.325,,2.0
2026-09-12T12:33:22.462006,1,0,44,0,0,0,25,12,0,81.8,127.0,2.325,,2.0
2026-09-12T12:42:32.916640,1,0,0,0,0,0,0,0,0,81.8,127.0,2.325,,2.0
2026-09-12T12:48:40.597137,1,0,29,0,0,0,18,17,0,82.1,127.0,2.325,,2.0
2026-09-12T13:04:00.313035,2,0,44,0,0,0,17,21,0,82.6,127.0,2.325,,2.0
2026-09-12T13:19:57.736083,1,2,0,0,0,0,4,6,0,82.6,127.0,2.325,,2.0
2026-09-12T13:35:16.979857,1,0,19,1,0,0,15,1,0,82.6,127.0,2.325,,2.0
2026-09-12T13:50:36.305050,1,0,13,0,0,0,2,2,0,82.6,127.0,2.325,,2.0
2026-09-12T14:05:55.441065,1,0,0,0,0,0,1,0,0,83.4,127.0,2.325,,2.0
2026-09-12T14:21:13.644652,1,0,1,0,0,0,4,0,0,83.4,127.0,2.325,,2.0
2026-09-12T14:36:33.300950,1,0,5,0,0,0,0,0,0,83.4,127.0,2.325,,2.0
2026-09-12T14:51:51.912545,1,0,6,1,0,0,0,0,0,83.4,127.0,2.325,,2.0
2026-09-12T15:07:10.695789,0,0,0,0,0,0,1,0,0,83.4,127.0,2.325,,2.0
2026-09-12T15:22:29.784805,0,0,0,0,0,0,1,0,0,83.4,127.0,2.325,,2.0
2026-09-12T15:37:48.383523,0,0,0,0,0,0,0,0,0,83.4,127.0,2.325,,2.0
2026-09-12T15:51:30.939587,0,0,0,0,0,0,0,0,0,83.4,127.0,2.325,,2.0
2026-09-12T15:53:09.980106,0,0,0,0,0,0,0,0,0,83.4,127.0,2.325,,2.0
2026-09-12T16:08:28.442341,0,0,0,1,0,0,0,0,0,83.3,127.0,2.325,,2.0
2026-09-12T16:23:48.123183,1,0,0,0,0,0,0,0,0,83.3,127.0,2.325,,2.0
2026-09-12T16:39:06.577821,0,0,0,0,0,0,0,0,0,83.3,127.0,2.325,,2.0
2026-09-12T16:54:25.075089,0,0,1,0,0,0,0,0,0,83.3,127.0,2.325,,2.0
2026-09-12T17:09:44.683799,0,0,0,0,0,0,0,0,0,83.4,127.0,2.325,,2.0
2026-09-12T17:25:03.309956,0,0,0,0,0,0,0,0,0,83.4,127.0,2.325,,2.0
2026-09-12T17:40:22.484673,0,0,0,0,0,0,0,0,0,83.4,127.0,2.325,,2.0
2026-09-12T17:55:41.866492,0,0,0,0,0,0,0,0,0,83.4,127.0,2.325,,2.0
2026-09-12T18:11:00.316952,0,0,0,0,0,0,0,0,0,81.7,127.0,2.325,,2.0
2026-09-12T18:26:19.271307,0,0,0,0,0,0,0,0,0,81.7,127.0,2.325,,2.0
2026-09-12T18:41:37.768804,0,0,0,0,0,0,0,0,0,81.7,127.0,2.325,,2.0
2026-09-12T18:57:37.215609,1,0,0,0,0,0,0,0,0,81.7,127.0,2.325,,2.0
2026-09-12T19:12:57.051781,1,0,0,0,0,0,0,0,0,81.2,127.0,2.325,,2.0
2026-09-12T19:28:15.447520,1,0,0,0,0,0,0,0,0,81.2,127.0,2.325,,2.0
2026-09-12T19:43:33.846870,1,0,0,0,0,0,0,0,0,81.2,127.0,2.325,,2.0
2026-09-12T19:58:57.519297,1,0,1,0,0,0,0,0,0,81.2,127.0,2.325,,2.0
2026-09-12T20:14:16.723505,1,0,0,0,0,0,0,0,0,82.6,127.0,2.325,,2.0
2026-09-12T20:29:36.251365,1,1,0,0,0,0,1,0,0,82.6,127.0,2.325,,2.0
2026-09-12T20:35:02.048645,2,0,0,0,0,0,0,0,0,82.6,127.0,2.325,,2.0
2026-09-12T20:44:56.236108,2,0,0,0,0,0,0,0,0,82.6,127.0,2.325,,2.0
2026-09-12T21:00:17.193020,2,0,0,0,0,0,1,0,0,81.4,127.0,2.325,,2.0
2026-09-12T21:15:36.942658,0,3,0,0,0,0,1,43,0,81.4,127.0,2.325,,2.0
2026-09-12T21:30:57.509426,0,0,0,0,0,0,13,0,0,81.4,127.0,2.325,,2.0
2026-09-12T21:46:17.082736,0,1,91,1,0,0,17,0,0,81.4,127.0,2.325,,2.0
2026-09-12T22:01:36.380819,0,0,47,0,0,0,14,0,0,80.5,127.0,2.325,,2.0
2026-09-12T22:16:56.156739,0,1,22,0,0,0,8,0,0,80.5,127.0,2.325,,2.0
2026-09-12T22:32:15.538594,1,0,54,1,0,2,32,0,7,80.5,127.0,2.325,,2.0
2026-09-12T22:34:23.159029,0,0,0,0,0,0,0,0,0,80.5,127.0,2.325,,2.0
2026-09-12T22:47:35.894811,0,11,72,0,0,2,17,0,0,80.5,127.0,2.325,,2.0
2026-09-12T23:02:57.433409,0,7,38,0,0,12,43,0,2,80.0,127.0,2.325,,2.0
2026-09-12T23:18:17.488955,1,1,115,0,0,8,49,2,0,80.0,127.0,2.325,,2.0
2026-09-12T23:33:36.858473,1,8,146,1,0,37,114,3,7,80.0,127.0,2.325,,2.0
2026-09-12T23:48:55.518321,0,0,76,0,0,24,79,1,4,80.0,127.0,2.325,,2.0
2026-09-13T00:04:14.760596,1,0,100,0,0,8,47,1,0,79.3,127.0,2.325,,2.0
2026-09-13T00:19:35.015518,0,2,30,0,0,4,27,0,0,79.3,127.0,2.325,,2.0
2026-09-13T00:24:20.922522,0,0,0,0,0,0,0,0,0,79.3,127.0,2.325,,2.0
2026-09-13T00:35:33.418733,0,0,134,0,0,0,6,0,0,79.3,127.0,2.325,,2.0
2026-09-13T00:50:52.201807,2,0,239,1,0,5,40,0,0,79.8,127.0,2.325,,2.0
2026-09-13T01:06:11.075309,2,11,131,0,0,3,28,0,0,85.8,127.0,2.325,,2.0
2026-09-13T01:21:29.212084,2,0,142,0,0,1,3,0,0,85.8,127.0,2.325,,2.0
2026-09-13T01:36:49.086223,2,0,145,0,0,2,21,0,0,85.8,127.0,2.325,,2.0
2026-09-13T01:52:10.199484,2,0,169,0,0,8,26,0,0,85.8,127.0,2.325,,2.0
2026-09-13T02:07:30.272257,2,4,173,0,0,3,48,0,0,83.8,127.0,2.325,,2.0
2026-09-13T02:22:49.674025,2,0,158,3,0,5,48,0,0,83.8,127.0,2.325,,2.0
2026-09-13T02:38:08.916488,2,2,166,0,0,3,30,1,0,83.8,127.0,2.325,,2.0
2026-09-13T02:53:29.338301,2,1,349,6,0,6,20,1,0,83.8,127.0,2.325,,2.0
2026-09-13T03:08:48.912276,0,0,159,3,0,3,7,0,0,87.0,127.0,2.325,,2.0
2026-09-13T03:24:07.788925,0,0,167,4,0,4,16,0,0,87.0,127.0,2.325,,2.0
2026-09-13T03:39:27.234246,1,0,116,5,0,7,68,0,0,87.0,127.0,2.325,,2.0
2026-09-13T03:54:48.582939,2,0,45,1,0,8,65,0,0,87.0,127.0,2.325,,2.0
2026-09-13T04:10:07.777330,4,0,73,1,0,1,26,3,0,90.2,127.0,2.325,,2.0
2026-09-13T04:25:26.911765,3,0,27,0,0,4,39,4,0,90.2,127.0,2.325,,2.0
2026-09-13T04:40:45.440524,4,0,85,0,0,4,40,3,0,90.2,127.0,2.325,,2.0
2026-09-13T04:56:04.572459,4,0,175,0,0,0,7,0,0,90.2,127.0,2.325,,2.0
2026-09-13T05:11:23.936937,4,1,81,1,0,2,4,0,0,94.1,127.0,2.325,,2.0
2026-09-13T05:12:30.456037,4,0,0,0,0,0,0,0,0,94.1,127.0,2.325,,2.0
2026-09-13T05:26:42.601861,4,6,226,3,0,6,47,0,0,94.1,127.0,2.325,,2.0
2026-09-13T05:42:01.919620,4,1,140,1,0,12,61,0,0,94.1,127.0,2.325,,2.0
2026-09-13T05:57:20.884386,4,0,211,9,0,18,146,2,0,94.1,127.0,2.325,,2.0
2026-09-13T06:13:21.053060,0,0,110,3,0,17,192,0,0,97.2,127.0,2.325,,2.0
2026-09-13T06:28:39.877198,0,1,93,4,0,4,65,0,0,97.2,127.0,2.325,,2.0
2026-09-13T06:44:01.199825,1,2,137,5,0,18,148,0,0,97.2,127.0,2.325,,2.0
2026-09-13T06:59:20.371257,2,0,70,3,0,22,107,0,0,97.2,127.0,2.325,,2.0
2026-09-13T07:14:39.261329,2,2,108,7,0,36,191,2,0,97.7,127.0,2.325,,2.0
2026-09-13T07:29:58.216377,2,2,295,7,0,42,190,0,0,97.7,127.0,2.325,,2.0
2026-09-13T07:45:17.487776,2,2,342,9,0,40,234,2,0,97.7,127.0,2.325,,2.0
2026-09-13T08:00:47.710617,2,0,1339,68,0,50,580,17,0,93.8,127.0,2.325,,2.0
2026-09-13T08:16:08.390428,2,3,1297,69,0,61,492,8,18,93.8,127.0,2.325,,2.0
2026-09-13T08:31:29.162443,2,6,1246,85,0,26,410,27,12,93.8,127.0,2.325,,2.0
2026-09-13T08:46:53.001942,2,1,1313,64,0,39,212,2,3,93.8,127.0,2.325,,2.0
2026-09-13T09:02:27.508071,2,2,1192,83,0,22,230,9,0,94.3,127.0,2.325,,2.0
2026-09-13T09:17:49.454324,0,1,431,11,0,50,450,16,0,94.3,127.0,2.325,,2.0
2026-09-13T09:33:14.607312,0,0,97,1,1,40,327,26,0,94.3,127.0,2.325,,2.0
2026-09-13T09:48:35.191828,0,0,76,5,0,42,348,27,0,94.3,127.0,2.325,,2.0
2026-09-13T10:04:13.176851,0,3,4,0,0,10,445,16,10,92.8,127.0,2.325,,2.0
2026-09-13T10:19:33.312963,0,0,116,1,0,7,242,23,0,92.8,127.0,2.325,,2.0
2026-09-13T10:34:52.451374,0,4,67,0,0,29,315,30,7,92.8,127.0,2.325,,2.0
2026-09-13T10:50:12.030666,0,1,61,0,0,24,219,22,0,92.8,127.0,2.325,,2.0
2026-09-13T11:05:30.933643,0,0,37,0,0,3,192,13,0,92.1,127.0,2.325,,2.0
2026-09-13T11:20:49.139583,0,4,40,0,0,0,64,1,0,92.1,127.0,2.325,,2.0
2026-09-13T11:36:08.908435,0,0,25,0,0,0,7,0,3,92.1,127.0,2.325,,2.0
2026-09-13T11:52:07.867856,2,0,21,0,0,0,4,0,0,92.1,127.0,2.325,,2.0
2026-09-13T12:07:26.806824,0,0,4,1,0,1,1,0,0,89.3,127.0,2.325,,2.0
2026-09-13T12:22:46.242054,0,0,15,0,0,0,4,0,0,89.3,127.0,2.325,,2.0
2026-09-13T12:38:05.876124,0,0,7,0,0,0,6,0,0,93.9,127.0,2.325,,2.0
2026-09-13T12:53:24.650150,,0,1,0,0,2,2,0,0,93.5,127.0,2.325,,2.0
2026-09-13T13:08:42.857320,0,0,30,0,0,0,4,0,0,85.6,127.0,2.325,,2.0
2026-09-13T13:24:02.100152,0,0,28,0,0,0,2,0,0,85.6,127.0,2.325,,2.0
2026-09-13T13:39:21.279375,0,0,3,0,0,0,3,0,0,85.6,127.0,2.325,,2.0
2026-09-13T13:54:40.317427,0,1,0,0,0,0,0,0,0,85.6,127.0,2.325,,2.0
2026-09-13T14:09:59.940702,0,0,11,0,0,0,1,0,0,84.3,127.0,2.325,,2.0
2026-09-13T14:25:19.672421,0,0,0,0,0,0,0,0,0,84.3,127.0,2.325,,2.0
2026-09-13T14:34:44.408925,0,0,0,0,0,0,0,0,0,84.3,127.0,2.325,,2.0
2026-09-13T14:40:39.064576,0,0,0,0,0,0,0,0,0,84.3,127.0,2.325,,2.0
2026-09-13T14:55:59.902570,0,0,0,0,0,0,1,0,0,84.3,127.0,2.325,,2.0
2026-09-13T15:11:19.124655,0,0,0,0,0,0,0,0,0,83.8,127.0,2.325,,2.0
2026-09-13T15:26:38.436096,0,0,1,0,0,0,0,0,0,83.8,127.0,2.325,,2.0
2026-09-13T15:41:58.117581,0,0,0,0,0,0,1,0,0,83.8,127.0,2.325,,2.0
2026-09-13T15:57:17.478493,0,0,1,0,0,0,1,0,0,83.8,127.0,2.325,,2.0
2026-09-13T16:12:36.736290,0,0,2,0,0,0,0,0,0,82.7,127.0,2.325,,2.0
2026-09-13T16:27:56.665709,0,0,0,0,0,0,0,0,0,82.7,127.0,2.325,,2.0
2026-09-13T16:43:16.504786,0,0,0,0,0,0,0,0,0,82.7,127.0,2.325,,2.0
2026-09-13T16:58:38.580153,0,0,0,0,0,0,0,0,0,82.7,127.0,2.325,,2.0
2026-09-13T17:13:57.618542,1,0,0,0,0,0,0,0,0,84.3,127.0,2.325,,2.0
2026-09-13T17:29:55.914311,0,0,0,0,0,0,0,0,0,84.3,127.0,2.325,,2.0
2026-09-13T17:41:55.172391,0,0,0,0,0,0,0,0,0,84.3,127.0,2.325,,2.0
2026-09-13T17:45:16.801974,0,0,0,0,0,0,0,0,0,84.3,127.0,2.325,,2.0
2026-09-13T18:00:35.600218,0,0,0,0,0,0,0,0,0,84.6,127.0,2.325,,2.0
2026-09-13T18:15:59.045990,0,0,0,0,0,0,0,0,0,84.6,127.0,2.325,,2.0
2026-09-13T18:31:18.625062,0,0,1,0,0,0,0,0,0,84.6,127.0,2.325,,2.0
2026-09-13T18:46:38.463411,1,0,0,0,0,0,0,0,0,84.6,127.0,2.325,,2.0
2026-09-13T19:01:57.916516,1,0,1,0,0,0,0,0,0,88.4,127.0,2.325,,2.0
2026-09-13T19:17:17.117525,1,0,0,0,0,0,0,0,0,88.4,127.0,2.325,,2.0
2026-09-13T19:32:36.867606,1,0,0,0,0,0,0,0,0,88.4,127.0,2.325,,2.0
2026-09-13T19:47:56.632731,1,0,13,0,0,0,0,0,0,88.4,127.0,2.325,,2.0
2026-09-13T19:51:00.501075,1,0,0,0,0,0,0,0,0,88.4,127.0,2.325,,2.0
2026-09-13T20:03:15.990529,1,2,0,0,0,0,0,0,0,90.2,127.0,2.325,,2.0
2026-09-13T20:18:35.677066,1,0,0,0,0,0,0,0,0,90.2,127.0,2.325,,2.0
2026-09-13T20:33:54.222363,1,0,0,0,0,0,1,0,0,90.2,127.0,2.325,,2.0
2026-09-13T20:49:14.723138,1,0,8,0,0,0,18,0,0,90.2,127.0,2.325,,2.0
2026-09-13T21:04:35.177694,1,0,0,0,0,5,199,13,0,91.1,127.0,2.325,,2.0
2026-09-13T21:19:55.190740,0,1,0,0,0,19,436,45,0,91.1,127.0,2.325,,2.0
2026-09-13T21:35:15.324994,0,0,1,0,0,7,368,7,0,91.1,127.0,2.325,,2.0
2026-09-13T21:50:34.348945,1,3,9,0,0,90,640,66,0,91.1,127.0,2.325,,2.0
2026-09-13T22:05:53.553595,1,0,7,0,0,39,416,16,0,92.6,127.0,2.325,,2.0
2026-09-13T22:11:54.760584,1,0,0,0,0,0,0,0,0,92.6,127.0,2.325,,2.0
2026-09-13T22:21:12.176188,1,3,2,0,0,17,703,84,0,92.6,127.0,2.325,,2.0
2026-09-13T22:36:32.389031,1,0,14,0,0,43,536,9,0,92.6,127.0,2.325,,2.0
2026-09-13T22:51:50.681508,1,0,14,0,0,27,381,27,0,92.6,127.0,2.325,,2.0
2026-09-13T23:07:49.298506,1,4,14,0,0,31,326,30,0,94.6,127.0,2.325,,2.0
2026-09-13T23:23:08.534625,1,0,13,0,0,14,306,14,0,94.6,127.0,2.325,,2.0
2026-09-13T23:38:29.041776,1,4,21,0,0,20,320,8,0,94.6,127.0,2.325,,2.0
2026-09-13T23:53:47.700986,1,0,53,0,0,25,383,19,0,94.6,127.0,2.325,,2.0
2026-09-14T00:09:07.246438,0,0,48,0,0,63,507,24,0,98.0,118.0,2.325,,2.0
2026-09-14T00:14:34.791814,0,0,0,0,0,0,0,0,0,98.0,118.0,2.325,,2.0
2026-09-14T00:24:27.144192,0,0,29,0,0,67,423,28,0,98.0,118.0,2.325,,2.0
2026-09-14T00:39:45.030909,0,3,25,0,0,60,493,49,0,98.0,118.0,2.325,,2.0
2026-09-14T00:55:04.167063,0,0,44,0,0,49,316,11,0,98.0,118.0,2.325,,2.0
2026-09-14T01:10:24.499173,0,3,23,0,0,40,253,11,0,97.0,118.0,2.325,,2.0
2026-09-14T01:25:43.893920,0,0,34,0,0,25,168,7,0,97.0,118.0,2.325,,2.0
2026-09-14T01:41:03.529647,1,0,74,0,0,76,460,35,0,97.0,118.0,2.325,,2.0
2026-09-14T01:56:25.333501,1,0,61,0,0,73,562,35,0,97.0,118.0,2.325,,2.0
2026-09-14T02:11:44.564215,1,0,32,0,0,76,694,30,0,104.4,118.0,2.325,,2.0
2026-09-14T02:27:03.692605,1,0,64,0,0,75,774,31,0,104.4,118.0,2.325,,2.0
2026-09-14T02:42:22.694520,1,1,7,0,0,38,803,13,0,104.4,118.0,2.325,,2.0
2026-09-14T02:57:41.599983,1,2,49,0,0,58,733,19,0,104.4,118.0,2.325,,2.0
2026-09-14T03:12:59.727983,0,10,61,0,0,57,790,9,0,110.1,118.0,2.325,,2.0
2026-09-14T03:28:19.762545,0,4,41,2,0,49,803,37,0,110.1,118.0,2.325,,2.0
2026-09-14T03:43:50.450665,1,1,46,0,0,49,695,25,0,110.1,118.0,2.325,,2.0
2026-09-14T03:59:10.143397,2,8,26,0,0,66,773,21,12,110.1,118.0,2.325,,2.0
2026-09-14T04:14:29.212637,2,0,37,1,0,59,696,3,0,108.4,118.0,2.325,,2.0
2026-09-14T04:29:48.379644,2,0,167,1,0,66,598,19,0,108.4,118.0,2.325,,2.0
2026-09-14T04:45:46.536177,2,20,130,0,0,49,581,32,0,108.4,118.0,2.325,,2.0
2026-09-14T05:01:05.445008,2,2,33,0,0,57,768,19,0,105.0,118.0,2.325,,2.0
2026-09-14T05:05:35.385970,2,0,0,0,0,0,0,0,0,105.0,118.0,2.325,,2.0
2026-09-14T05:16:25.490346,2,5,23,0,0,33,362,20,0,105.0,118.0,2.325,,2.0
2026-09-14T05:31:43.191778,2,0,58,0,0,23,398,19,0,105.0,118.0,2.325,,2.0
2026-09-14T05:47:01.807411,2,7,13,0,0,23,436,7,0,105.0,118.0,2.325,,2.0
2026-09-14T06:02:20.498548,2,1,11,0,0,26,563,2,0,104.9,118.0,2.325,,2.0
2026-09-14T06:17:39.734541,0,0,76,1,0,22,605,8,0,104.9,118.0,2.325,,2.0
2026-09-14T06:32:58.035101,0,0,44,0,0,22,625,19,0,108.9,118.0,2.325,,2.0
2026-09-14T06:48:17.796027,0,0,54,1,0,19,404,15,0,108.9,118.0,2.325,,2.0
2026-09-14T07:03:36.162258,1,4,57,3,0,49,736,61,0,111.5,118.0,2.325,,2.0
2026-09-14T07:18:55.711924,1,8,22,1,0,59,799,60,0,111.5,118.0,2.325,,2.0
2026-09-14T07:34:15.461675,1,6,788,12,0,47,1124,42,0,111.5,118.0,2.325,,2.0
2026-09-14T07:49:35.041224,1,2,811,24,0,57,1072,19,0,111.5,118.0,2.325,,2.0
2026-09-14T08:04:54.027031,2,9,881,12,1,68,1086,0,0,112.7,118.0,2.325,,2.0
2026-09-14T08:20:14.446318,2,5,523,10,1,86,955,6,0,112.7,118.0,2.325,,2.0
2026-09-14T08:35:34.401171,2,0,702,10,1,104,975,27,0,112.7,118.0,2.325,,2.0
2026-09-14T08:50:54.134443,2,6,66,3,1,70,931,41,0,112.7,118.0,2.325,,2.0
2026-09-14T09:06:13.177542,0,1,105,4,0,28,727,87,1,110.8,118.0,2.325,,2.0
2026-09-14T09:21:30.911375,0,6,36,5,0,41,657,24,1,110.8,118.0,2.325,,2.0
2026-09-14T09:36:50.003740,0,3,89,4,0,42,508,20,0,110.8,118.0,2.325,,2.0
2026-09-14T09:52:10.127920,0,1,40,2,0,12,351,23,0,110.8,118.0,2.325,,2.0
2026-09-14T10:07:30.129867,0,0,69,1,0,2,86,9,0,109.8,118.0,2.325,,2.0
2026-09-14T10:23:27.813589,0,0,14,2,0,0,35,0,0,109.8,118.0,2.325,,2.0
2026-09-14T10:38:46.888566,0,6,15,2,0,0,1,0,0,109.8,118.0,2.325,,2.0
2026-09-14T10:41:01.305461,0,0,0,0,0,0,0,0,0,109.8,118.0,2.325,,2.0
2026-09-14T10:54:09.076253,0,0,51,1,0,0,0,0,0,109.8,118.0,2.325,,2.0
2026-09-14T11:09:28.257952,2,2,51,0,0,2,1,0,0,109.0,118.0,2.325,,2.0
2026-09-14T11:24:46.843999,2,0,0,1,0,1,5,0,0,109.0,118.0,2.325,,2.0
2026-09-14T11:40:07.704911,2,0,31,1,0,1,8,0,0,109.0,118.0,2.325,,2.0
2026-09-14T11:55:27.524628,3,0,30,0,0,0,39,0,0,109.0,118.0,2.325,,2.0
2026-09-14T12:10:47.744263,0,0,32,1,1,1,21,0,0,109.5,118.0,2.325,,2.0
2026-09-14T12:26:07.860416,0,0,1,1,0,0,9,0,0,109.5,118.0,2.325,,2.0
2026-09-14T12:41:27.932868,0,0,7,0,0,0,3,0,0,109.5,118.0,2.325,,2.0
2026-09-14T12:56:47.062217,0,0,0,0,0,0,0,0,0,105.8,118.0,2.325,,2.0
2026-09-14T13:12:06.573280,0,0,16,1,0,0,1,0,0,103.7,118.0,2.325,,2.0
2026-09-14T13:27:27.115256,1,0,22,0,0,0,1,0,0,103.7,118.0,2.325,,2.0
2026-09-14T13:42:47.342679,1,0,3,0,0,0,0,0,0,103.7,118.0,2.325,,2.0
2026-09-14T13:58:07.038469,3,0,0,0,0,0,0,0,0,103.7,118.0,2.325,,2.0
2026-09-14T14:13:27.045954,3,0,24,0,0,0,1,0,0,104.6,118.0,2.325,,2.0
2026-09-14T14:28:46.564107,3,3,1,0,0,0,1,0,0,104.6,118.0,2.325,,2.0
2026-09-14T14:44:06.403375,3,0,9,0,0,0,1,0,0,104.6,118.0,2.325,,2.0
2026-09-14T14:59:33.843372,3,0,0,0,0,0,0,0,0,104.6,118.0,2.325,,2.0
2026-09-14T15:14:53.759539,0,0,0,0,0,0,0,0,0,102.2,118.0,2.325,,2.0
2026-09-14T15:30:13.452973,1,0,0,0,0,0,0,0,0,102.2,118.0,2.325,,2.0
2026-09-14T15:45:39.719548,1,0,0,0,0,0,0,0,0,102.2,118.0,2.325,,2.0
2026-09-14T16:01:37.915299,1,0,0,0,0,0,0,0,0,102.4,118.0,2.325,,2.0
2026-09-14T16:16:57.272858,3,0,0,0,0,0,0,0,0,102.4,118.0,2.325,,2.0
2026-09-14T16:32:17.270906,3,0,0,0,0,0,0,0,0,102.4,118.0,2.325,,2.0
2026-09-14T16:36:25.166874,3,0,0,0,0,0,0,0,0,102.4,118.0,2.325,,2.0
2026-09-14T16:47:37.108646,4,0,0,0,0,0,0,0,0,102.4,118.0,2.325,,2.0
2026-09-14T17:02:57.909116,4,0,0,0,0,0,0,0,0,104.0,118.0,2.325,,2.0
2026-09-14T17:18:17.266199,4,0,0,0,0,0,0,0,0,104.0,118.0,2.325,,2.0
2026-09-14T17:33:37.099582,4,0,0,0,0,0,0,0,0,104.0,118.0,2.325,,2.0
2026-09-14T17:48:57.100775,4,0,0,0,0,0,0,0,0,104.0,118.0,2.325,,2.0
2026-09-14T18:04:15.832179,0,0,0,0,0,0,0,0,0,105.4,118.0,2.325,,2.0
2026-09-14T18:19:34.298978,0,0,0,0,0,0,0,0,0,105.4,118.0,2.325,,2.0
2026-09-14T18:34:53.872456,2,0,0,0,0,0,0,0,0,105.4,118.0,2.325,,2.0
2026-09-14T18:50:13.402186,2,0,0,0,0,0,0,0,0,105.4,118.0,2.325,,2.0
2026-09-14T19:05:32.467542,2,0,0,0,0,0,0,0,0,107.8,118.0,2.325,,2.0
2026-09-14T19:20:51.538433,2,0,0,0,0,0,0,0,0,107.8,118.0,2.325,,2.0
2026-09-14T19:36:11.330962,2,0,0,0,0,0,0,0,0,107.8,118.0,2.325,,2.0
2026-09-14T20:37:03.418055,3,0,0,0,0,0,0,0,0,106.8,118.0,2.325,,2.0
2026-09-14T23:00:01.601206,2,0,0,0,0,0,9,0,0,104.7,118.0,2.325,,2.0
2026-09-14T23:16:49.930671,2,0,13,0,0,0,15,2,0,104.7,118.0,2.325,,2.0
2026-09-14T23:30:11.628872,2,0,0,0,0,0,0,0,0,104.7,118.0,2.325,,2.0
2026-09-14T23:32:06.624619,2,0,5,0,0,2,32,0,0,104.7,118.0,2.325,,2.0
2026-09-14T23:47:25.107925,3,0,36,2,0,0,20,1,0,104.7,118.0,2.325,,2.0
2026-09-15T00:02:44.052701,3,0,24,0,0,2,18,0,0,102.1,109.0,2.325,,2.0
2026-09-15T00:18:02.242895,1,1,51,4,0,8,64,10,1,102.1,109.0,2.325,,2.0
2026-09-15T00:33:20.040274,1,2,56,0,0,8,75,9,0,102.1,109.0,2.325,,2.0
2026-09-15T00:48:38.114124,2,0,51,4,0,1,58,1,0,102.1,109.0,2.325,,2.0
2026-09-15T01:03:54.798018,2,0,25,0,0,9,119,0,1,105.7,109.0,2.325,,2.0
2026-09-15T01:19:12.146109,3,1,61,3,0,7,66,0,0,102.7,109.0,2.325,,2.0
2026-09-15T01:34:32.540034,3,0,94,1,0,9,100,0,0,102.7,109.0,2.325,,2.0
2026-09-15T01:49:49.743024,3,0,4,1,0,14,87,3,0,102.7,109.0,2.325,,2.0
2026-09-15T01:51:49.257490,3,0,0,0,0,0,0,0,0,102.7,109.0,2.325,,2.0
2026-09-15T02:05:06.960655,3,0,28,0,0,14,139,4,0,106.1,109.0,2.325,,2.0
2026-09-15T02:20:24.993420,3,0,7,0,0,10,168,3,0,106.1,109.0,2.325,,2.0
2026-09-15T02:35:42.597958,3,0,16,0,0,9,206,1,0,106.1,109.0,2.325,,2.0
2026-09-15T02:51:00.782332,3,0,64,1,0,2,51,1,0,106.1,109.0,2.325,,2.0
2026-09-15T03:06:18.631836,0,0,15,1,0,6,136,5,0,106.2,109.0,2.325,,2.0
2026-09-15T03:21:37.512490,0,5,33,1,0,1,34,0,0,106.2,,2.325,,2.0
2026-09-15T03:37:17.764590,0,0,23,1,0,3,28,1,0,106.2,109.0,2.325,,2.0
2026-09-15T03:52:36.365219,1,7,25,2,0,0,0,0,0,106.2,109.0,2.325,,2.0
2026-09-15T04:07:58.800998,1,0,23,1,0,2,5,0,0,106.1,109.0,2.325,,2.0
2026-09-15T04:23:16.621695,1,0,65,2,0,3,45,2,0,106.1,109.0,2.325,,2.0
2026-09-15T04:38:34.244570,2,0,29,3,0,1,4,1,0,106.1,109.0,2.325,,2.0
2026-09-15T04:54:32.859284,2,3,34,2,0,12,106,2,0,106.1,109.0,2.325,,2.0
2026-09-15T05:09:51.483311,2,0,123,1,0,15,160,5,0,106.1,109.0,2.325,,2.0
2026-09-15T05:25:09.023774,2,0,31,0,0,7,71,3,0,106.1,109.0,2.325,,2.0
2026-09-15T05:40:26.676586,2,0,137,0,0,1,16,0,0,106.1,109.0,2.325,,2.0
2026-09-15T05:55:44.817915,2,0,55,2,0,0,29,0,0,106.1,109.0,2.325,,2.0
2026-09-15T06:11:03.765773,0,0,61,0,0,17,119,10,0,105.2,109.0,2.325,,2.0
2026-09-15T06:26:21.608755,0,0,37,0,0,20,114,3,0,105.2,109.0,2.325,,2.0
2026-09-15T06:41:40.864968,0,0,64,2,0,0,2,1,0,105.2,109.0,2.325,,2.0
2026-09-15T06:56:59.716710,0,0,70,2,0,26,233,4,0,108.7,109.0,2.325,,2.0
2026-09-15T07:12:18.947876,0,1,42,0,0,70,810,57,0,108.3,109.0,2.325,,2.0
2026-09-15T07:22:14.217617,0,0,0,0,0,0,0,0,0,108.3,109.0,2.325,,2.0
2026-09-15T07:27:37.798296,0,3,66,3,0,69,734,37,0,108.3,109.0,2.325,,2.0
2026-09-15T07:42:56.173768,0,3,1398,18,0,67,751,46,0,108.3,109.0,2.325,,2.0
2026-09-15T07:58:16.112949,0,4,1355,37,0,56,741,25,0,108.3,109.0,2.325,,2.0
2026-09-15T08:13:34.624209,0,1,1159,17,0,68,900,18,0,109.3,109.0,2.325,,2.0
2026-09-15T08:28:54.535853,0,3,1274,50,0,73,719,45,0,109.3,109.0,2.325,,2.0
2026-09-15T08:44:14.604091,0,7,1118,66,0,107,638,28,0,109.3,109.0,2.325,,2.0
2026-09-15T08:59:34.326197,0,15,1216,86,0,90,434,14,0,109.3,109.0,2.325,,2.0
2026-09-15T09:14:53.056173,0,1,422,44,0,68,439,61,0,101.7,109.0,2.325,,2.0
2026-09-15T09:30:13.723126,0,5,281,26,0,87,629,65,0,101.7,109.0,2.325,,2.0
2026-09-15T09:45:32.957375,0,1,135,11,0,72,394,13,0,101.7,109.0,2.325,,2.0
2026-09-15T10:00:51.600500,0,2,103,6,0,37,251,29,9,102.5,109.0,2.325,,2.0
2026-09-15T10:16:10.640374,0,0,62,6,0,9,108,2,0,102.5,109.0,2.325,,2.0
2026-09-15T10:32:08.076163,0,0,16,4,0,2,9,0,0,102.5,109.0,2.325,,2.0
2026-09-15T10:47:27.116507,0,0,27,4,0,2,7,0,0,102.5,109.0,2.325,,2.0
2026-09-15T11:02:46.630673,0,0,4,1,0,4,20,0,0,100.1,109.0,2.325,,2.0
2026-09-15T11:18:05.670396,0,0,1,1,0,10,11,0,0,100.1,109.0,2.325,,2.0
2026-09-15T11:33:25.546544,0,0,13,1,0,2,20,0,0,100.1,109.0,2.325,,2.0
2026-09-15T11:48:44.139429,0,0,14,0,0,9,2,0,0,100.1,109.0,2.325,,2.0
2026-09-15T12:04:03.271212,0,1,14,1,0,10,6,0,0,99.3,109.0,2.325,,2.0
2026-09-15T12:19:22.896939,0,0,21,1,0,1,2,0,0,99.3,109.0,2.325,,2.0
2026-09-15T12:34:41.547440,0,0,48,1,0,0,1,0,0,99.3,109.0,2.325,,2.0
2026-09-15T12:49:12.130845,1,0,0,0,0,0,0,0,0,97.0,109.0,2.325,,2.0
2026-09-15T12:50:01.337034,1,0,15,0,0,0,0,0,0,97.0,109.0,2.325,,2.0
2026-09-15T13:05:20.054337,1,2,0,0,0,0,4,0,0,95.4,109.0,2.325,,2.0
2026-09-15T13:20:39.287677,1,0,29,0,0,0,1,0,0,95.4,109.0,2.325,,2.0
2026-09-15T13:35:57.685178,1,0,0,1,0,0,12,0,0,95.4,109.0,2.325,,2.0
2026-09-15T13:51:16.723369,1,0,23,0,0,0,3,0,0,95.4,109.0,2.325,,2.0
2026-09-15T14:06:36.367893,1,0,0,0,0,0,2,0,0,96.4,109.0,2.325,,2.0
2026-09-15T14:21:58.488656,1,1,3,0,0,0,2,0,0,96.4,109.0,2.325,,2.0
2026-09-15T14:37:17.836808,1,0,0,0,0,0,2,0,0,96.4,109.0,2.325,,2.0
2026-09-15T14:52:36.396456,1,0,1,0,0,0,1,0,0,96.4,109.0,2.325,,2.0
2026-09-15T15:07:55.184737,0,1,0,0,0,0,0,0,0,97.0,109.0,2.325,,2.0
2026-09-15T15:23:14.152325,0,0,0,0,0,0,0,0,0,97.0,109.0,2.325,,2.0
2026-09-15T15:38:32.709141,0,0,0,0,0,0,3,0,0,97.0,109.0,2.325,,2.0
2026-09-15T15:53:51.747932,0,0,0,0,0,0,0,0,0,97.0,109.0,2.325,,2.0
2026-09-15T16:09:49.856408,0,0,0,0,0,0,1,0,0,101.3,109.0,2.325,,2.0
2026-09-15T16:25:08.063942,0,0,0,0,0,0,0,0,0,101.3,109.0,2.325,,2.0
2026-09-15T16:40:27.102954,0,0,0,0,0,0,0,0,0,101.3,109.0,2.325,,2.0
2026-09-15T16:55:46.368472,0,0,0,0,0,0,0,0,0,101.3,109.0,2.325,,2.0
2026-09-15T17:11:04.379571,0,0,0,0,0,0,0,0,0,101.4,109.0,2.325,,2.0
2026-09-15T17:26:24.217095,0,0,0,0,0,0,0,0,0,101.4,109.0,2.325,,2.0
2026-09-15T17:31:25.564458,0,0,0,0,0,0,0,0,0,101.4,109.0,2.325,,2.0
2026-09-15T17:41:43.105849,0,0,0,0,0,0,0,0,0,101.4,109.0,2.325,,2.0
2026-09-15T17:57:01.986818,0,0,0,0,0,0,0,0,0,101.4,109.0,2.325,,2.0
2026-09-15T18:12:20.784955,0,0,0,0,0,0,0,0,0,103.2,109.0,2.325,,2.0
2026-09-15T18:27:40.689832,0,0,0,0,0,0,0,0,0,103.2,109.0,2.325,,2.0
2026-09-15T18:42:59.283589,0,0,0,0,0,0,0,0,0,103.2,109.0,2.325,,2.0
2026-09-15T18:58:19.550034,0,0,0,0,0,0,0,0,0,100.7,109.0,2.325,,2.0
2026-09-15T19:13:38.284231,0,0,9,0,0,0,0,0,0,99.7,109.0,2.325,,2.0
2026-09-15T19:28:57.087355,1,0,0,0,0,0,0,0,0,99.7,109.0,2.325,,2.0
2026-09-15T19:44:15.994589,0,0,0,0,0,0,0,0,0,99.7,109.0,2.325,,2.0
2026-09-15T19:59:34.918802,1,3,3,0,0,0,0,0,0,99.7,109.0,2.325,,2.0
2026-09-15T20:14:53.176302,1,0,0,0,0,0,1,0,0,98.4,109.0,2.325,,2.0
2026-09-15T20:27:14.467926,2,0,0,0,0,0,0,0,0,98.4,109.0,2.325,,2.0
2026-09-15T20:30:11.495683,,0,0,0,0,0,0,0,0,98.4,109.0,2.325,,2.0
2026-09-15T20:45:30.152186,2,0,0,0,0,0,3,0,0,98.4,109.0,2.325,,2.0
2026-09-15T21:00:48.446765,2,0,0,0,0,1,6,0,0,99.3,109.0,2.325,,2.0
2026-09-15T21:16:16.538672,1,4,0,0,0,1,18,0,0,99.3,109.0,2.325,,2.0
2026-09-15T21:31:35.073706,2,1,8,0,0,3,20,0,0,99.3,109.0,2.325,,2.0
2026-09-15T21:47:32.826347,3,0,9,0,0,0,51,1,0,99.3,109.0,2.325,,2.0
2026-09-15T22:03:04.158720,3,0,0,0,0,0,12,0,0,104.9,109.0,2.325,,2.0
2026-09-15T22:18:22.263798,3,0,0,0,0,3,13,0,0,104.9,109.0,2.325,,2.0
2026-09-15T22:33:42.729718,3,0,3,0,0,0,20,1,0,104.9,109.0,2.325,,2.0
2026-09-15T22:49:01.233089,3,0,2,0,0,3,8,0,0,104.9,109.0,2.325,,2.0
2026-09-15T23:04:20.502965,3,0,1,0,0,42,150,30,0,109.6,109.0,2.325,,2.0
2026-09-15T23:06:27.614492,3,0,0,0,0,0,0,0,0,109.6,109.0,2.325,,2.0
2026-09-15T23:19:38.418676,3,3,2,0,0,29,201,16,9,109.6,109.0,2.325,,2.0
2026-09-15T23:34:57.778971,3,0,3,1,0,12,173,0,0,109.6,109.0,2.325,,2.0
2026-09-15T23:50:15.480436,3,0,9,0,0,3,56,0,0,109.6,109.0,2.325,,2.0
2026-09-16T00:05:35.983718,0,0,25,0,0,8,49,1,0,105.7,101.0,2.325,,2.0
2026-09-16T00:20:54.144363,1,0,35,2,0,1,46,2,0,105.7,101.0,2.325,,2.0
2026-09-16T00:36:12.627563,4,0,32,2,0,9,46,2,0,105.7,101.0,2.325,,2.0
2026-09-16T00:51:31.530240,3,0,14,1,0,23,176,1,0,106.3,101.0,2.325,,2.0
2026-09-16T01:06:49.887378,3,0,37,0,0,56,225,8,0,105.9,101.0,2.325,,2.0
2026-09-16T01:22:07.631675,3,0,19,2,0,47,288,17,0,105.9,101.0,2.325,,2.0
2026-09-16T01:26:36.642126,3,0,0,0,0,0,0,0,0,105.9,101.0,2.325,,2.0
2026-09-16T01:37:25.130248,3,0,0,0,0,47,342,12,0,105.9,101.0,2.325,,2.0
2026-09-16T01:52:42.937937,3,0,60,0,0,41,212,6,0,105.9,101.0,2.325,,2.0
2026-09-16T02:08:00.687618,3,0,35,0,0,53,254,3,0,99.9,101.0,2.325,,2.0
2026-09-16T02:23:18.958599,3,6,8,0,0,27,299,3,0,99.9,101.0,2.325,,2.0
2026-09-16T02:38:37.343821,3,0,28,0,0,22,210,4,0,99.9,101.0,2.325,,2.0
2026-09-16T02:53:54.498656,3,0,34,1,0,32,235,7,0,99.9,101.0,2.325,,2.0
2026-09-16T03:09:14.223791,0,9,12,1,0,10,96,3,0,105.6,101.0,2.325,,2.0
2026-09-16T03:25:09.803076,1,0,0,0,0,7,46,1,0,105.6,101.0,2.325,,2.0
2026-09-16T03:40:28.444885,2,1,14,0,0,2,5,0,0,105.6,101.0,2.325,,2.0
2026-09-16T03:55:47.804341,2,0,12,0,0,0,3,1,0,105.6,101.0,2.325,,2.0
2026-09-16T04:11:05.887209,2,0,4,0,0,0,4,1,0,116.8,101.0,2.325,,2.0
2026-09-16T04:26:24.630268,2,0,66,1,0,2,23,0,1,116.8,101.0,2.325,,2.0
2026-09-16T04:41:44.469148,2,0,0,0,0,9,69,3,3,116.8,101.0,2.325,,2.0
2026-09-16T04:57:02.694479,2,0,82,0,0,15,56,6,3,116.8,101.0,2.325,,2.0
2026-09-16T05:12:22.208648,4,12,167,1,0,12,46,5,6,115.3,101.0,2.325,,2.0
2026-09-16T05:27:40.598052,4,0,93,1,0,1,44,4,2,115.3,101.0,2.325,,2.0
2026-09-16T05:43:09.084781,4,0,79,0,0,5,44,7,4,115.3,101.0,2.325,,2.0
2026-09-16T05:58:30.120971,3,10,7,0,0,2,15,0,1,115.3,101.0,2.325,,2.0
2026-09-16T06:13:49.215481,0,3,102,0,0,2,14,3,3,111.3,101.0,2.325,,2.0
2026-09-16T06:29:06.987709,1,9,89,0,0,14,77,5,6,111.3,101.0,2.325,,2.0
2026-09-16T06:33:19.607815,1,0,0,0,0,0,0,0,0,100.3,101.0,2.325,,2.0
2026-09-16T06:44:25.025102,1,1,21,1,0,9,70,4,2,100.3,101.0,2.325,,2.0
2026-09-16T06:59:42.924298,1,0,73,1,0,8,61,3,1,100.3,101.0,2.325,,2.0
2026-09-16T07:15:01.022209,1,9,60,0,0,19,139,2,0,104.8,101.0,2.325,,2.0
2026-09-16T07:30:25.226080,2,0,104,2,0,7,78,5,0,104.8,101.0,2.325,,2.0
2026-09-16T07:45:43.867499,1,8,36,3,0,14,64,2,0,104.8,101.0,2.325,,2.0
2026-09-16T08:01:01.503396,1,0,193,0,0,23,153,9,0,102.8,101.0,2.325,,2.0
2026-09-16T08:16:19.940162,1,0,30,0,0,5,78,3,0,102.8,101.0,2.325,,2.0
2026-09-16T08:31:37.744012,2,0,60,0,0,13,106,2,0,102.8,101.0,2.325,,2.0
2026-09-16T08:46:55.692338,2,0,26,2,0,26,96,8,5,102.8,101.0,2.325,,2.0
2026-09-16T09:02:52.732151,2,0,42,0,0,42,211,23,0,106.2,101.0,2.325,,2.0
2026-09-16T09:18:11.837482,0,2,20,1,0,44,256,0,0,106.2,101.0,2.325,,2.0
2026-09-16T09:33:30.369786,0,0,47,0,0,25,146,10,0,106.2,101.0,2.325,,2.0
2026-09-16T09:48:48.233713,0,0,0,0,0,31,197,1,2,106.2,101.0,2.325,,2.0
2026-09-16T10:04:06.812686,0,5,15,2,0,12,161,5,0,104.0,101.0,2.325,,2.0
2026-09-16T10:19:25.027744,0,0,20,3,0,28,205,0,0,104.0,101.0,2.325,,2.0
2026-09-16T10:34:43.905939,0,0,34,0,0,17,108,0,0,104.0,101.0,2.325,,2.0
2026-09-16T10:50:03.270929,0,0,17,2,0,5,26,0,0,104.0,101.0,2.325,,2.0
2026-09-16T11:05:22.250768,0,0,0,0,0,2,5,4,0,105.5,101.0,2.325,,2.0
2026-09-16T11:20:41.667334,2,0,5,0,0,3,25,0,0,105.5,101.0,2.325,,2.0
2026-09-16T11:36:00.291793,2,1,10,0,0,0,8,0,0,105.5,101.0,2.325,,2.0
2026-09-16T11:51:18.936927,2,0,0,0,0,0,3,0,0,105.5,101.0,2.325,,2.0
2026-09-16T12:06:32.508464,0,0,0,0,0,0,0,0,0,104.2,101.0,2.325,,2.0
2026-09-16T12:06:37.831306,0,0,46,3,0,0,2,0,0,104.2,101.0,2.325,,2.0
2026-09-16T12:21:57.111223,1,0,12,2,0,0,1,0,0,104.2,101.0,2.325,,2.0
2026-09-16T12:37:15.572704,1,0,10,0,0,0,1,0,1,104.2,101.0,2.325,,2.0
2026-09-16T12:52:34.071213,1,0,18,0,0,0,2,0,0,104.2,101.0,2.325,,2.0
2026-09-16T13:07:53.516447,1,0,15,0,0,0,0,0,0,108.1,101.0,2.325,,2.0
2026-09-16T13:23:12.895512,1,0,20,4,0,0,0,0,0,107.1,101.0,2.325,,2.0
2026-09-16T13:38:31.392931,1,0,2,0,0,0,0,0,0,99.2,101.0,2.325,,2.0
2026-09-16T13:53:51.241981,1,0,0,1,0,0,0,0,0,99.2,101.0,2.325,,2.0
2026-09-16T14:09:10.272617,1,0,0,0,0,0,2,0,0,99.3,101.0,2.325,,2.0
2026-09-16T14:24:29.476925,1,0,7,0,0,0,3,0,0,99.3,101.0,2.325,,2.0
2026-09-16T14:40:26.914393,1,0,15,0,0,0,1,0,0,99.3,101.0,2.325,,2.0
2026-09-16T14:55:45.632051,1,0,0,0,0,0,0,0,0,99.3,101.0,2.325,,2.0
2026-09-16T15:11:03.905481,0,0,1,0,0,0,0,0,0,99.2,101.0,2.325,,2.0
2026-09-16T15:26:22.748236,0,0,0,0,0,0,1,0,0,99.2,101.0,2.325,,2.0
2026-09-16T15:41:42.266846,0,0,0,0,0,0,0,0,0,99.2,101.0,2.325,,2.0
2026-09-16T15:57:01.464017,0,0,0,0,0,0,0,0,0,99.2,101.0,2.325,,2.0
2026-09-16T16:12:20.383325,0,0,0,0,0,0,0,0,0,104.6,101.0,2.325,,2.0
2026-09-16T16:27:40.923821,0,0,0,0,0,0,0,0,0,104.6,101.0,2.325,,2.0
2026-09-16T16:43:03.212593,0,0,1,0,0,0,0,0,0,104.6,101.0,2.325,,2.0
2026-09-16T16:57:25.923515,0,0,0,0,0,0,0,0,0,104.6,101.0,2.325,,2.0
2026-09-16T16:58:21.898674,1,0,0,0,0,0,0,0,0,104.6,101.0,2.325,,2.0
2026-09-16T17:13:40.252741,0,0,0,0,0,0,0,0,0,101.7,101.0,2.325,,2.0
2026-09-16T17:28:58.807381,0,0,0,0,0,0,0,0,0,101.7,101.0,2.325,,2.0
2026-09-16T17:44:17.169060,0,0,0,0,0,0,0,0,0,101.7,101.0,2.325,,2.0
2026-09-16T17:59:35.835824,0,0,0,0,0,0,0,0,0,101.7,101.0,2.325,,2.0
2026-09-16T18:14:53.539491,0,0,0,0,0,0,0,0,0,96.2,101.0,2.325,,2.0
2026-09-16T18:30:12.419674,0,0,0,0,0,0,0,0,0,96.2,101.0,2.325,,2.0
2026-09-16T18:45:32.179222,0,0,2,1,0,0,0,0,0,96.2,101.0,2.325,,2.0
2026-09-16T19:00:51.085061,0,0,0,0,0,0,0,0,0,97.2,101.0,2.325,,2.0
2026-09-16T19:16:10.143880,0,0,0,0,0,0,0,0,0,96.3,101.0,2.325,,2.0
2026-09-16T19:31:28.321761,0,0,2,0,0,0,0,0,0,96.3,101.0,2.325,,2.0
2026-09-16T19:46:46.163075,0,0,0,0,0,0,0,0,0,96.3,101.0,2.325,,2.0
2026-09-16T19:58:15.887272,0,0,0,0,0,0,0,0,0,96.3,101.0,2.325,,2.0
2026-09-16T20:02:06.246526,1,0,0,0,0,0,0,0,0,91.0,101.0,2.325,,2.0
2026-09-16T20:18:04.463302,1,0,0,0,0,0,0,0,0,91.0,101.0,2.325,,2.0
2026-09-16T20:33:24.182163,1,3,7,0,0,0,0,0,0,91.0,101.0,2.325,,2.0
2026-09-16T20:48:45.427775,1,0,0,0,0,0,1,0,0,91.0,101.0,2.325,,2.0
2026-09-16T21:04:07.494823,1,3,5,0,0,1,5,0,0,86.0,101.0,2.325,,2.0
2026-09-16T21:19:34.571584,0,0,1,0,0,2,10,0,0,86.0,101.0,2.325,,2.0
2026-09-16T21:34:57.310270,0,0,0,0,0,2,35,0,0,86.0,101.0,2.325,,2.0
2026-09-16T21:50:18.553507,0,0,2,0,0,2,27,0,0,86.0,101.0,2.325,,2.0
2026-09-16T22:05:37.213229,0,0,0,0,0,6,79,0,0,81.2,101.0,2.325,,2.0
2026-09-16T22:20:55.950807,0,0,0,0,0,29,353,2,0,81.2,101.0,2.325,,2.0
2026-09-16T22:36:14.853112,0,0,1,0,0,36,498,15,0,81.2,101.0,2.325,,2.0
2026-09-16T22:51:16.881990,1,0,0,0,0,0,0,0,0,81.2,101.0,2.325,,2.0
2026-09-16T22:51:32.611819,1,6,30,0,0,33,178,0,0,81.2,101.0,2.325,,2.0
2026-09-16T23:06:51.989183,1,0,10,0,0,13,168,5,0,76.0,101.0,2.325,,2.0
2026-09-16T23:22:10.651603,2,0,18,0,0,36,174,4,1,76.0,101.0,2.325,,2.0
2026-09-16T23:37:28.665447,2,0,17,1,0,28,240,4,4,76.0,101.0,2.325,,2.0
2026-09-16T23:52:47.273832,2,0,36,0,0,21,193,1,2,76.0,101.0,2.325,,2.0
2026-09-17T00:08:05.416269,0,0,100,0,0,33,406,18,4,73.0,97.0,2.325,,2.0
2026-09-17T00:23:22.972276,0,0,61,0,0,27,296,15,3,73.0,97.0,2.325,,2.0
2026-09-17T00:38:40.211976,1,0,42,0,0,32,270,1,3,73.0,97.0,2.325,,2.0
2026-09-17T00:53:58.419441,1,0,53,2,0,31,151,3,6,74.1,97.0,2.325,,2.0
2026-09-17T01:08:10.526974,1,0,0,0,0,0,0,0,0,70.8,97.0,2.325,,2.0
2026-09-17T01:09:16.408360,1,0,76,1,0,21,195,0,4,70.8,97.0,2.325,,2.0
2026-09-17T01:24:34.045484,1,0,28,0,0,7,93,0,3,70.8,97.0,2.325,,2.0
2026-09-17T01:39:51.706893,1,0,37,0,0,15,107,0,0,70.8,97.0,2.325,,2.0
2026-09-17T01:55:45.995098,1,0,104,2,0,10,50,1,0,70.8,97.0,2.325,,2.0
2026-09-17T02:11:04.013018,1,0,14,0,0,12,62,0,0,68.8,97.0,2.325,,2.0
2026-09-17T02:26:21.232568,3,3,19,0,0,5,9,0,0,68.8,97.0,2.325,,2.0
2026-09-17T02:41:39.680409,3,0,31,2,0,9,37,2,0,68.8,97.0,2.325,,2.0
2026-09-17T02:56:58.167049,3,0,31,0,0,5,32,1,0,68.8,97.0,2.325,,2.0
2026-09-17T03:12:17.738047,0,0,1,0,0,5,34,0,0,64.7,97.0,2.325,,2.0
2026-09-17T03:27:36.575868,0,0,28,0,0,1,4,0,0,64.7,97.0,2.325,,2.0
2026-09-17T03:42:55.148735,1,1,12,0,0,1,3,0,0,64.7,97.0,2.325,,2.0
2026-09-17T03:58:12.451490,2,0,14,0,2,2,16,0,2,64.7,97.0,2.325,,2.0
2026-09-17T04:13:30.581883,2,0,25,0,0,0,0,0,0,63.8,97.0,2.325,,2.0
2026-09-17T04:28:51.082814,2,0,0,0,0,0,4,0,0,63.8,97.0,2.325,,2.0
2026-09-17T04:44:31.515375,2,0,0,0,0,2,16,0,0,63.8,97.0,2.325,,2.0
2026-09-17T04:59:49.288461,2,1,19,0,0,0,16,0,0,63.8,97.0,2.325,,2.0
2026-09-17T05:15:07.245996,2,0,6,0,0,2,6,0,0,62.6,97.0,2.325,,2.0
2026-09-17T05:30:26.333983,2,0,25,0,0,0,1,0,0,62.6,97.0,2.325,,2.0
2026-09-17T05:45:43.936509,2,0,11,0,0,1,12,0,0,62.6,97.0,2.325,,2.0
2026-09-17T06:01:01.439869,2,0,3,0,0,7,41,3,0,63.9,97.0,2.325,,2.0
2026-09-17T06:09:47.263592,0,0,0,0,0,0,0,0,0,64.0,97.0,2.325,,2.0
2026-09-17T06:16:19.841083,0,0,0,0,0,14,63,4,0,64.0,97.0,2.325,,2.0
2026-09-17T06:31:38.026479,0,0,15,0,0,14,137,6,0,61.6,97.0,2.325,,2.0
2026-09-17T06:46:55.520562,1,1,13,0,0,9,63,9,0,61.6,97.0,2.325,,2.0
2026-09-17T07:02:14.378419,1,0,28,0,0,5,22,4,0,60.4,97.0,2.325,,2.0
2026-09-17T07:17:33.414093,1,0,9,2,0,6,61,5,0,60.4,97.0,2.325,,2.0
2026-09-17T07:33:29.774979,1,0,35,0,0,15,105,8,0,60.4,97.0,2.325,,2.0
2026-09-17T07:48:49.526186,1,0,1,0,0,29,147,11,3,60.4,97.0,2.325,,2.0
2026-09-17T08:04:07.439396,1,0,64,2,0,15,55,5,0,58.0,97.0,2.325,,2.0
2026-09-17T08:19:31.501720,1,2,85,2,0,32,150,14,0,58.0,97.0,2.325,,2.0
2026-09-17T08:34:50.470263,1,0,42,8,0,9,58,11,0,58.0,97.0,2.325,,2.0
2026-09-17T08:50:10.173879,1,0,4,1,0,12,102,7,4,58.0,97.0,2.325,,2.0
2026-09-17T09:05:28.786932,0,2,9,0,0,11,111,8,0,53.8,97.0,2.325,,2.0
2026-09-17T09:20:48.996054,0,0,0,0,0,6,108,16,0,53.8,97.0,2.325,,2.0
2026-09-17T09:36:08.187201,0,1,20,0,0,17,129,17,0,53.8,97.0,2.325,,2.0
2026-09-17T09:51:26.819221,0,0,20,3,0,11,118,9,0,53.8,97.0,2.325,,2.0
2026-09-17T10:06:46.436902,0,0,0,0,0,1,20,2,0,54.2,97.0,2.325,,2.0
2026-09-17T10:22:04.769239,0,0,0,0,0,5,41,2,0,54.2,97.0,2.325,,2.0
2026-09-17T10:37:22.841701,0,0,0,0,0,3,15,2,0,54.2,97.0,2.325,,2.0
2026-09-17T10:52:42.063075,2,0,4,0,0,12,73,0,0,54.2,97.0,2.325,,2.0
2026-09-17T11:08:00.757147,2,0,38,1,0,18,86,0,0,51.4,97.0,2.325,,2.0
2026-09-17T11:23:19.796390,3,0,34,0,0,14,86,0,0,51.4,97.0,2.325,,2.0
2026-09-17T11:38:39.125820,2,0,28,0,0,10,55,0,0,51.4,97.0,2.325,,2.0
2026-09-17T11:43:05.546639,2,0,0,0,0,0,0,0,0,51.4,97.0,2.325,,2.0
2026-09-17T11:53:57.871938,3,0,36,0,0,4,13,2,0,51.4,97.0,2.325,,2.0
2026-09-17T12:09:17.080357,0,0,8,0,0,3,1,0,0,52.0,97.0,2.325,,2.0
2026-09-17T12:24:36.399912,1,0,18,0,0,1,4,0,0,52.0,97.0,2.325,,2.0
2026-09-17T12:39:54.507458,1,0,33,2,0,0,1,0,0,51.4,97.0,2.325,,2.0
2026-09-17T12:55:12.984672,1,0,14,0,0,0,1,0,0,53.6,97.0,2.325,,2.0
2026-09-17T13:11:11.304191,1,0,7,0,0,0,0,0,0,55.1,97.0,2.325,,2.0
2026-09-17T13:26:29.542556,1,0,0,0,0,0,0,0,0,55.1,97.0,2.325,,2.0
2026-09-17T13:41:49.380550,1,2,2,0,0,0,0,0,0,55.1,97.0,2.325,,2.0
2026-09-17T13:57:13.702142,1,0,1,0,0,0,0,1,0,55.1,97.0,2.325,,2.0
2026-09-17T14:12:32.652707,1,0,9,0,0,0,0,1,0,48.3,97.0,2.325,,2.0
2026-09-17T14:27:51.773045,1,0,0,0,0,0,0,0,0,48.3,97.0,2.325,,2.0
2026-09-17T14:43:14.197344,1,0,0,0,0,0,0,0,0,48.3,97.0,2.325,,2.0
2026-09-17T14:58:35.450912,1,0,0,0,0,0,1,0,0,48.3,97.0,2.325,,2.0
2026-09-17T15:13:54.122028,0,0,0,0,0,0,0,0,0,49.3,97.0,2.325,,2.0
2026-09-17T15:29:14.098904,1,0,0,0,0,0,0,0,0,49.3,97.0,2.325,,2.0
2026-09-17T15:40:25.027476,1,0,0,0,0,0,0,0,0,49.3,97.0,2.325,,2.0
2026-09-17T15:44:33.938018,1,0,0,0,0,0,1,0,0,49.3,97.0,2.325,,2.0
2026-09-17T15:59:52.957048,0,0,0,0,0,0,0,0,0,,97.0,2.325,,2.0
2026-09-17T16:15:11.860689,1,0,3,0,0,0,0,0,0,46.7,97.0,2.325,,2.0
2026-09-17T16:30:31.205757,1,0,0,0,0,0,0,0,0,46.7,97.0,2.325,,2.0
2026-09-17T16:45:48.964491,1,0,0,0,0,0,0,0,0,46.7,97.0,2.325,,2.0
2026-09-17T17:01:06.996328,1,0,0,0,0,0,0,0,0,45.1,97.0,2.325,,2.0
2026-09-17T17:16:25.128323,1,0,0,0,0,0,0,0,0,45.1,97.0,2.325,,2.0
2026-09-17T17:31:43.838330,1,0,0,0,0,0,0,0,0,45.1,97.0,2.325,,2.0
2026-09-17T17:47:02.877084,2,0,0,0,0,0,0,0,0,45.1,97.0,2.325,,2.0
2026-09-17T18:02:21.354351,2,0,0,0,0,0,0,0,0,43.0,97.0,2.325,,2.0
2026-09-17T18:17:40.036985,0,0,0,0,0,0,0,0,0,43.0,97.0,2.325,,2.0
2026-09-17T18:32:59.041610,0,2,0,0,0,0,0,0,0,43.0,97.0,2.325,,2.0
2026-09-17T18:49:03.205452,1,2,2,0,0,0,0,0,0,43.0,97.0,2.325,,2.0
2026-09-17T19:04:23.601907,1,0,0,0,0,0,0,0,0,39.5,97.0,2.325,,2.0
2026-09-17T19:17:40.732575,1,0,0,0,0,0,0,0,0,39.5,97.0,2.325,,2.0
2026-09-17T19:19:42.527332,0,2,0,0,0,0,0,0,0,44.1,97.0,2.325,,2.0
2026-09-17T19:35:01.858004,0,0,1,0,0,0,0,0,0,44.1,97.0,2.325,,2.0
2026-09-17T19:50:21.909718,0,0,4,0,0,0,0,0,0,44.1,97.0,2.325,,2.0
2026-09-17T20:05:41.419899,1,0,0,0,0,0,0,0,0,44.0,97.0,2.325,,2.0
2026-09-17T20:20:59.873848,0,0,0,0,0,0,0,0,0,44.0,97.0,2.325,,2.0
2026-09-17T20:36:19.826162,0,2,0,0,0,0,2,0,0,44.0,97.0,2.325,,2.0
2026-09-17T20:51:38.053503,1,0,1,0,0,0,11,0,0,44.0,97.0,2.325,,2.0
2026-09-17T21:06:56.558494,0,2,0,0,0,0,16,0,0,45.2,97.0,2.325,,2.0
2026-09-17T21:22:15.771638,0,0,3,0,0,0,11,0,0,45.2,97.0,2.325,,2.0
2026-09-17T21:37:35.008646,1,0,3,1,0,0,26,0,0,45.2,97.0,2.325,,2.0
2026-09-17T21:52:53.874739,1,3,9,2,0,7,42,0,0,45.2,97.0,2.325,,2.0
2026-09-17T22:08:12.545819,1,1,0,0,0,0,8,0,0,45.0,97.0,2.325,,2.0
2026-09-17T22:21:26.939517,1,0,0,0,0,0,0,0,0,45.0,97.0,2.325,,2.0
2026-09-17T22:23:32.553692,1,1,0,0,0,0,25,0,0,45.0,97.0,2.325,,2.0
2026-09-17T22:38:51.578779,1,0,13,0,0,1,46,0,0,45.0,97.0,2.325,,2.0
2026-09-17T22:54:10.654226,3,0,12,0,0,0,70,15,0,45.0,97.0,2.325,,2.0
2026-09-17T23:09:29.204284,2,1,14,0,0,5,150,6,0,38.6,97.0,2.325,,2.0
2026-09-17T23:24:47.198162,2,0,17,0,0,14,225,12,0,38.6,97.0,2.325,,2.0
2026-09-17T23:40:05.590230,2,0,23,1,0,7,121,11,0,38.6,97.0,2.325,,2.0
2026-09-17T23:55:24.308802,2,0,18,1,0,3,234,8,0,38.6,97.0,2.325,,2.0
2026-09-18T00:10:43.369758,0,0,27,1,0,8,199,16,0,38.2,94.0,2.325,,2.0
2026-09-18T00:26:40.744426,0,1,6,0,0,2,125,17,0,38.3,94.0,2.325,,2.0
2026-09-18T00:39:43.287497,0,0,0,0,0,0,0,0,0,38.3,94.0,2.325,,2.0
2026-09-18T00:42:00.189513,0,0,24,0,0,17,110,12,0,38.3,94.0,2.325,,2.0
2026-09-18T00:57:18.343649,0,0,30,1,0,6,103,13,0,39.2,94.0,2.325,,2.0
2026-09-18T01:12:36.575815,1,0,13,1,0,5,34,8,0,35.8,94.0,2.325,,2.0
2026-09-18T01:27:54.473456,1,1,28,1,0,3,31,5,0,35.8,94.0,2.325,,2.0
2026-09-18T01:43:15.216342,1,0,48,0,0,7,37,6,0,35.8,94.0,2.325,,2.0
2026-09-18T01:58:34.168979,1,0,19,0,0,2,16,0,0,35.8,94.0,2.325,,2.0
2026-09-18T02:13:58.332275,1,0,26,1,0,0,0,0,0,37.4,94.0,2.325,,2.0
2026-09-18T02:29:16.988808,1,0,26,1,0,0,0,0,0,37.4,94.0,2.325,,2.0
2026-09-18T02:44:34.969810,1,0,15,0,0,6,36,4,0,37.4,94.0,2.325,,2.0
2026-09-18T02:59:52.785384,1,0,14,0,0,2,12,1,0,37.4,94.0,2.325,,2.0
2026-09-18T03:15:12.035220,0,6,5,2,0,0,1,0,0,43.7,94.0,2.325,,2.0
2026-09-18T03:30:29.947433,0,0,0,0,0,2,25,0,0,43.7,94.0,2.325,,2.0
2026-09-18T03:45:48.720770,0,4,43,2,0,1,34,0,0,43.7,94.0,2.325,,2.0
2026-09-18T04:01:06.657651,1,5,25,0,0,0,1,0,0,43.1,94.0,2.325,,2.0
2026-09-18T04:16:24.346430,1,1,39,1,0,1,1,2,0,43.1,94.0,2.325,,2.0
2026-09-18T04:31:42.484670,2,0,38,0,0,6,18,2,0,43.1,94.0,2.325,,2.0
2026-09-18T04:47:00.668461,2,1,45,1,0,0,21,1,0,43.1,94.0,2.325,,2.0
2026-09-18T05:02:18.725602,2,1,9,0,0,0,5,0,0,44.1,94.0,2.325,,2.0
2026-09-18T05:14:43.650714,2,0,0,0,0,0,0,0,0,44.1,94.0,2.325,,2.0
2026-09-18T05:17:37.037520,2,0,0,1,0,6,31,1,0,44.1,94.0,2.325,,2.0
2026-09-18T05:32:56.445786,2,0,29,0,0,0,0,0,0,44.1,94.0,2.325,,2.0
2026-09-18T05:48:15.070586,2,0,32,1,0,0,11,0,0,44.1,94.0,2.325,,2.0
2026-09-18T06:04:12.848221,0,0,16,0,0,0,23,2,0,46.9,94.0,2.325,,2.0
2026-09-18T06:19:31.047058,0,0,37,0,0,1,35,5,0,46.9,94.0,2.325,,2.0
2026-09-18T06:34:51.455778,0,0,36,0,0,6,42,6,0,48.5,94.0,2.325,,2.0
2026-09-18T06:50:09.474134,1,0,76,1,0,9,61,6,0,48.5,94.0,2.325,,2.0
2026-09-18T07:05:58.133898,1,0,13,2,0,26,103,2,0,46.1,94.0,2.325,,2.0
2026-09-18T07:22:02.603524,1,0,44,1,0,21,127,14,0,46.1,94.0,2.325,,2.0
2026-09-18T07:37:21.851267,1,5,3,1,0,20,129,13,0,46.1,94.0,2.325,,2.0
2026-09-18T09:52:07.300404,1,0,0,0,0,0,0,0,0,45.2,94.0,2.325,,2.0
2026-09-18T14:11:48.828937,1,0,0,0,0,0,0,0,0,50.4,94.0,2.325,,2.0
2026-09-18T17:42:16.030124,0,0,0,0,0,0,0,0,0,50.7,94.0,2.325,,2.0
2026-09-18T19:59:25.739955,0,0,0,0,0,0,0,0,0,51.4,94.0,2.325,,2.0
2026-09-18T22:13:52.949218,0,4,0,0,0,23,102,5,0,50.3,94.0,2.325,,2.0
2026-09-18T22:29:46.359818,1,0,0,0,0,0,0,0,0,50.4,94.0,2.325,,2.0
2026-09-18T22:29:55.142345,1,0,54,1,0,17,146,10,0,50.3,94.0,2.325,,2.0
2026-09-18T22:45:14.163590,1,4,47,1,0,25,166,9,4,50.3,94.0,2.325,,2.0
2026-09-18T23:00:33.492410,1,3,36,1,0,34,195,16,4,53.8,94.0,2.325,,2.0
2026-09-18T23:15:53.390004,1,4,42,1,0,11,118,10,0,53.8,94.0,2.325,,2.0
2026-09-18T23:31:11.431416,1,1,198,4,0,17,107,8,0,53.8,94.0,2.325,,2.0
2026-09-18T23:46:30.712416,1,0,55,1,0,58,249,2,0,53.8,94.0,2.325,,2.0
2026-09-19T00:01:51.532197,1,0,80,3,0,33,131,0,0,53.1,94.0,2.325,,2.0
2026-09-19T00:17:10.252992,0,3,22,3,0,13,107,9,0,53.1,94.0,2.325,,2.0
2026-09-19T00:32:28.864764,0,0,113,6,0,29,302,10,0,53.1,94.0,2.325,,2.0
2026-09-19T00:34:00.803247,0,0,0,0,0,0,0,0,0,53.1,94.0,2.325,,2.0
2026-09-19T00:47:54.556042,0,0,69,2,0,55,202,4,0,53.1,94.0,2.325,,2.0
2026-09-19T01:03:12.549904,0,8,66,2,0,38,386,1,0,53.7,94.0,2.325,,2.0
2026-09-19T01:18:31.745170,1,0,199,3,0,16,387,1,0,53.7,94.0,2.325,,2.0
2026-09-19T01:33:50.402657,1,2,167,3,0,24,431,18,0,53.7,94.0,2.325,,2.0
2026-09-19T01:49:08.733921,2,9,175,0,0,2,195,1,0,53.7,94.0,2.325,,2.0
2026-09-19T02:04:30.229075,2,0,171,6,0,6,150,1,0,53.1,94.0,2.325,,2.0
2026-09-19T02:19:49.377993,2,6,220,1,0,2,64,4,0,53.1,94.0,2.325,,2.0
2026-09-19T02:35:08.475099,2,9,94,2,0,6,172,2,0,53.1,94.0,2.325,,2.0
2026-09-19T02:50:27.977113,2,0,71,7,0,1,53,2,0,53.1,94.0,2.325,,2.0
2026-09-19T03:05:46.382396,2,0,186,8,0,20,177,10,0,50.0,94.0,2.325,,2.0
2026-09-19T03:21:04.900587,0,0,188,7,0,5,123,16,0,50.0,94.0,2.325,,2.0
2026-09-19T03:36:24.156929,0,0,129,6,0,34,118,10,0,50.0,94.0,2.325,,2.0
2026-09-19T03:51:43.008271,0,6,199,2,0,8,98,4,0,50.0,94.0,2.325,,2.0
2026-09-19T04:07:47.228217,0,1,65,1,0,3,14,1,0,46.4,94.0,2.325,,2.0
2026-09-19T04:23:07.391943,1,10,58,1,0,20,138,11,0,46.4,94.0,2.325,,2.0
2026-09-19T04:38:26.995670,1,0,98,3,0,7,167,24,0,46.4,94.0,2.325,,2.0
2026-09-19T04:53:45.973354,2,1,23,0,0,23,257,22,0,46.4,94.0,2.325,,2.0
2026-09-19T05:06:57.573993,2,0,0,0,0,0,0,0,0,47.7,94.0,2.325,,2.0
2026-09-19T05:09:05.698918,2,8,56,2,0,22,158,25,0,47.7,94.0,2.325,,2.0
2026-09-19T05:24:25.282884,2,8,126,1,0,39,244,31,0,47.7,94.0,2.325,,2.0
2026-09-19T05:39:44.436030,2,0,78,3,0,47,301,50,0,47.7,94.0,2.325,,2.0
2026-09-19T05:55:05.382905,2,2,176,6,0,65,498,33,16,47.7,94.0,2.325,,2.0
2026-09-19T06:10:24.975223,0,0,101,0,0,53,468,30,0,54.3,94.0,2.325,,2.0
2026-09-19T06:25:44.337169,0,4,182,1,0,83,614,30,3,54.3,94.0,2.325,,2.0
2026-09-19T06:41:03.811623,0,9,338,3,0,82,546,54,0,54.3,94.0,2.325,,2.0
2026-09-19T06:56:29.510758,0,0,278,11,0,67,508,21,0,54.3,94.0,2.325,,2.0
2026-09-19T07:11:48.566055,0,2,359,10,0,39,352,37,0,58.7,94.0,2.325,,2.0
2026-09-19T07:27:08.484370,0,1,184,14,0,52,261,15,0,58.7,94.0,2.325,,2.0
2026-09-19T07:42:28.406285,1,10,528,19,0,59,277,34,0,58.7,94.0,2.325,,2.0
2026-09-19T07:57:47.598215,0,6,570,20,0,17,201,27,0,58.7,94.0,2.325,,2.0
2026-09-19T08:13:07.122211,0,8,130,8,0,36,232,17,0,62.9,94.0,2.325,,2.0
2026-09-19T08:28:26.511860,1,0,44,0,0,41,175,7,0,62.9,94.0,2.325,,2.0
2026-09-19T08:43:45.109265,1,0,72,6,4,44,336,6,0,62.9,94.0,2.325,,2.0
2026-09-19T08:59:04.717783,1,0,117,4,0,11,256,7,0,62.9,94.0,2.325,,2.0
2026-09-19T09:14:23.508977,0,7,50,3,0,25,237,3,0,66.2,94.0,2.325,,2.0
2026-09-19T09:29:43.625807,0,6,44,0,0,13,223,7,0,66.2,94.0,2.325,,2.0
2026-09-19T09:32:09.998772,0,0,0,0,0,0,0,0,0,66.2,94.0,2.325,,2.0
2026-09-19T09:45:47.160153,0,0,36,3,0,13,307,2,0,66.2,94.0,2.325,,2.0
2026-09-19T10:01:06.715124,0,6,39,0,0,10,310,19,0,68.8,94.0,2.325,,2.0
2026-09-19T10:16:26.292744,0,0,3,0,0,11,340,23,0,68.8,94.0,2.325,,2.0
2026-09-19T10:31:45.168680,0,5,5,1,0,17,359,41,0,68.8,94.0,2.325,,2.0
2026-09-19T10:47:03.854214,0,2,147,9,0,17,160,22,0,68.8,94.0,2.325,,2.0
2026-09-19T11:02:23.638807,0,5,139,5,0,0,112,7,0,72.0,94.0,2.325,,2.0
2026-09-19T11:17:43.559230,0,2,214,14,0,0,2,1,0,72.0,94.0,2.325,,2.0
2026-09-19T11:33:02.913916,0,0,92,8,0,0,1,1,0,67.8,94.0,2.325,,2.0
2026-09-19T11:48:22.593915,0,0,45,6,0,0,3,1,0,66.4,94.0,2.325,,2.0
2026-09-19T12:03:41.322521,0,0,87,1,0,0,0,0,0,68.2,94.0,2.325,,2.0
2026-09-19T12:19:00.286819,0,0,55,4,0,0,0,0,0,68.2,94.0,2.325,,2.0
2026-09-19T12:34:18.752426,0,0,20,0,0,0,0,0,0,68.2,94.0,2.325,,2.0
2026-09-19T12:49:37.378642,0,0,17,2,0,0,1,0,0,68.2,94.0,2.325,,2.0
2026-09-19T13:04:56.819945,0,0,71,1,0,0,2,0,0,69.7,94.0,2.325,,2.0
2026-09-19T13:20:17.061673,0,0,0,0,0,0,1,0,0,69.7,94.0,2.325,,2.0
2026-09-19T13:26:33.802606,0,0,0,0,0,0,0,0,0,69.7,94.0,2.325,,2.0
2026-09-19T13:35:36.964377,0,0,40,0,0,0,0,0,0,69.7,94.0,2.325,,2.0
2026-09-19T13:50:55.482920,0,0,2,0,0,0,0,0,0,69.7,94.0,2.325,,2.0
2026-09-19T14:06:14.019316,0,0,0,0,0,0,0,0,0,66.2,94.0,2.325,,2.0
2026-09-19T14:21:34.193133,0,3,11,0,0,0,1,0,0,66.2,94.0,2.325,,2.0
2026-09-19T14:36:53.507384,0,0,0,0,0,0,0,0,0,65.0,94.0,2.325,,2.0
2026-09-19T14:52:12.908649,1,0,0,0,0,0,0,0,0,65.0,94.0,2.325,,2.0
2026-09-19T15:07:32.378794,0,0,4,0,0,0,0,0,0,72.2,94.0,2.325,,2.0
2026-09-19T15:23:36.262779,0,0,0,0,0,0,0,0,0,71.7,94.0,2.325,,2.0
2026-09-19T15:38:56.102898,0,0,0,0,0,0,0,0,0,71.7,94.0,2.325,,2.0
2026-09-19T15:54:15.139305,0,0,3,0,0,0,0,0,0,71.7,94.0,2.325,,2.0
2026-09-19T16:09:34.610130,1,0,0,0,0,0,0,0,0,79.3,94.0,2.325,,2.0
2026-09-19T16:24:52.878109,1,0,0,0,0,0,0,0,0,79.3,94.0,2.325,,2.0
2026-09-19T16:40:11.607231,1,0,10,0,0,0,0,0,0,79.3,94.0,2.325,,2.0
2026-09-19T16:42:45.337200,1,0,0,0,0,0,0,0,0,79.3,94.0,2.325,,2.0
2026-09-19T16:55:33.296787,1,0,1,0,0,0,0,0,0,79.3,94.0,2.325,,2.0
2026-09-19T17:10:52.803190,1,0,0,0,0,0,0,0,0,79.4,94.0,2.325,,2.0
2026-09-19T17:26:12.418391,1,0,0,0,0,0,0,0,0,79.4,94.0,2.325,,2.0
2026-09-19T17:41:31.119375,1,0,0,0,0,0,0,0,0,79.4,94.0,2.325,,2.0
2026-09-19T17:56:50.238804,1,0,0,0,0,0,0,0,0,79.4,94.0,2.325,,2.0
2026-09-19T18:12:09.351328,0,0,0,0,0,0,0,0,0,73.7,94.0,2.325,,2.0
2026-09-19T18:27:28.741461,1,0,0,0,0,0,0,0,0,70.8,94.0,2.325,,2.0
2026-09-19T18:42:47.637032,1,0,0,0,0,0,0,0,0,75.3,94.0,2.325,,2.0
2026-09-19T18:58:09.761818,1,0,0,0,0,0,0,0,0,75.3,94.0,2.325,,2.0
2026-09-19T18:58:07.278840,1,0,0,0,0,0,0,0,0,75.3,94.0,2.325,,2.0
2026-09-19T19:13:27.125534,0,0,0,0,0,0,0,0,0,75.0,94.0,2.325,,2.0
2026-09-19T19:28:45.890862,1,0,1,1,0,0,0,0,0,75.0,94.0,2.325,,2.0
2026-09-19T19:44:05.360629,1,0,0,0,0,0,0,0,0,75.0,94.0,2.325,,2.0
2026-09-19T19:59:24.329142,0,0,0,0,0,0,0,0,0,75.0,94.0,2.325,,2.0
2026-09-19T20:14:44.241049,0,0,0,0,0,0,1,0,0,70.5,94.0,2.325,,2.0
2026-09-19T20:30:03.844859,1,0,4,0,0,0,0,0,0,70.5,94.0,2.325,,2.0
2026-09-19T20:45:23.108784,1,0,0,0,0,0,3,0,0,70.5,94.0,2.325,,2.0
2026-09-19T21:01:26.591318,1,2,10,0,0,0,3,0,0,58.1,94.0,2.325,,2.0
2026-09-19T21:16:45.502673,0,0,1,0,0,0,1,1,0,58.1,94.0,2.325,,2.0
2026-09-19T21:24:07.769354,0,0,0,0,0,0,0,0,0,58.1,94.0,2.325,,2.0
2026-09-19T21:32:04.124860,0,0,0,0,0,2,16,0,0,58.1,94.0,2.325,,2.0
2026-09-19T21:47:23.265714,0,0,15,0,0,0,19,0,0,58.1,94.0,2.325,,2.0
2026-09-19T22:02:41.814490,0,2,0,0,0,1,29,0,0,66.9,94.0,2.325,,2.0
2026-09-19T22:18:00.807924,0,0,0,0,0,2,38,3,0,66.9,94.0,2.325,,2.0
2026-09-19T22:33:19.570340,0,1,0,0,0,0,43,0,3,66.9,94.0,2.325,,2.0
2026-09-19T22:48:38.514956,0,0,0,0,0,0,12,1,0,66.9,94.0,2.325,,2.0
2026-09-19T23:03:58.108535,0,0,0,0,0,5,88,2,0,68.3,94.0,2.325,,2.0
2026-09-19T23:19:16.638794,1,0,17,0,0,7,25,0,0,68.3,94.0,2.325,,2.0
2026-09-19T23:22:12.534971,1,0,0,0,0,0,0,0,0,68.3,94.0,2.325,,2.0
2026-09-19T23:34:37.337390,1,5,17,0,0,3,41,0,0,68.3,94.0,2.325,,2.0
2026-09-19T23:49:56.377688,2,0,82,0,0,5,30,0,0,68.3,94.0,2.325,,2.0
2026-09-20T00:05:15.073350,0,2,35,0,0,7,54,0,0,63.5,94.0,2.325,,2.0
2026-09-20T00:20:34.123379,0,2,86,0,0,12,124,1,0,65.3,96.0,2.325,,2.0
2026-09-20T00:35:52.966792,0,0,17,0,0,17,179,4,0,65.3,96.0,2.325,,2.0
2026-09-20T00:51:12.246667,1,0,106,1,0,1,72,0,0,70.4,96.0,2.325,,2.0
2026-09-20T01:06:31.223840,1,0,278,0,0,12,172,3,0,62.6,96.0,2.325,,2.0
2026-09-20T01:21:49.940310,2,0,450,4,0,16,134,1,0,62.6,96.0,2.325,,2.0
2026-09-20T01:26:05.361580,1,0,0,0,0,0,0,0,0,62.6,96.0,2.325,,2.0
2026-09-20T01:37:09.324818,1,0,116,1,0,10,58,3,0,62.6,96.0,2.325,,2.0
2026-09-20T01:52:28.528241,1,0,153,0,0,2,79,2,0,62.6,96.0,2.325,,2.0
2026-09-20T02:07:47.671637,1,6,84,0,0,2,55,3,0,59.7,96.0,2.325,,2.0
2026-09-20T02:23:07.121943,1,0,50,0,0,15,110,1,0,59.7,96.0,2.325,,2.0
2026-09-20T02:39:07.303904,2,0,88,1,0,33,181,3,0,59.7,96.0,2.325,,2.0
2026-09-20T02:54:26.409196,2,0,116,2,0,20,138,3,0,59.7,96.0,2.325,,2.0
2026-09-20T03:09:45.374206,0,0,0,2,0,13,129,3,0,50.7,96.0,2.325,,2.0
2026-09-20T03:25:04.654857,0,0,31,0,0,12,196,1,0,50.7,96.0,2.325,,2.0
2026-09-20T03:40:24.300285,0,0,59,1,0,19,209,5,0,50.7,96.0,2.325,,2.0
2026-09-20T03:55:43.194094,0,0,50,1,0,6,174,1,0,50.7,96.0,2.325,,2.0
2026-09-20T04:11:02.166228,0,2,157,0,0,30,309,4,0,54.5,96.0,2.325,,2.0
2026-09-20T04:26:20.784575,2,6,141,0,0,39,293,14,0,54.5,96.0,2.325,,2.0
2026-09-20T04:41:39.713276,3,0,175,0,0,44,337,11,0,54.5,96.0,2.325,,2.0
2026-09-20T04:56:59.065268,3,1,121,3,0,38,124,1,0,54.5,96.0,2.325,,2.0
2026-09-20T05:12:18.858833,3,0,148,1,0,63,292,4,0,56.3,96.0,2.325,,2.0
2026-09-20T05:27:38.764552,3,0,217,0,0,148,579,31,0,56.3,96.0,2.325,,2.0
2026-09-20T05:42:57.483876,3,0,355,2,0,126,708,46,2,56.3,96.0,2.325,,2.0
2026-09-20T05:58:16.401642,3,0,274,2,0,121,735,44,0,56.3,96.0,2.325,,2.0
2026-09-20T06:13:36.518536,0,0,85,1,0,76,667,34,0,62.2,96.0,2.325,,2.0
2026-09-20T06:28:55.938837,0,0,277,0,0,105,613,31,0,62.2,96.0,2.325,,2.0
2026-09-20T06:44:15.976895,1,0,89,0,0,118,668,14,0,54.9,96.0,2.325,,2.0
2026-09-20T06:47:24.751748,1,0,0,0,0,0,0,0,0,54.9,96.0,2.325,,2.0
2026-09-20T06:59:35.389246,1,2,202,1,0,50,405,7,1,54.9,96.0,2.325,,2.0
2026-09-20T07:14:56.184204,2,4,21,0,0,36,312,4,1,58.2,96.0,2.325,,2.0
2026-09-20T07:30:15.639760,2,2,32,1,0,22,188,3,0,58.2,96.0,2.325,,2.0
2026-09-20T07:45:34.546563,1,0,80,0,0,21,86,0,0,58.2,96.0,2.325,,2.0
2026-09-20T08:00:53.703321,1,6,31,0,0,12,52,0,0,56.3,96.0,2.325,,2.0
2026-09-20T08:16:57.617073,1,0,0,0,0,19,182,3,0,56.3,96.0,2.325,,2.0
2026-09-20T08:32:17.608301,2,0,24,1,0,14,181,1,0,56.3,96.0,2.325,,2.0
2026-09-20T08:47:36.966995,1,0,19,0,0,6,94,0,0,56.3,96.0,2.325,,2.0
2026-09-20T09:02:56.803040,2,5,1,0,0,1,20,0,0,50.4,96.0,2.325,,2.0
2026-09-20T09:18:17.279823,0,9,82,1,0,1,96,0,0,50.4,96.0,2.325,,2.0
2026-09-20T09:33:37.626669,0,0,23,0,0,5,50,0,0,50.4,96.0,2.325,,2.0
2026-09-20T09:48:57.440609,0,5,63,1,0,1,21,1,0,50.4,96.0,2.325,,2.0
2026-09-20T10:04:16.690458,0,0,38,0,0,0,40,0,0,48.8,96.0,2.325,,2.0
2026-09-20T10:19:35.990511,0,2,19,1,0,0,10,0,2,48.8,96.0,2.325,,2.0
2026-09-20T10:34:55.184930,0,4,1,0,0,0,52,1,0,48.8,96.0,2.325,,2.0
2026-09-20T10:50:14.298813,1,0,30,0,0,0,16,1,0,48.8,96.0,2.325,,2.0
2026-09-20T11:05:33.437304,1,3,48,2,0,0,5,0,0,54.0,96.0,2.325,,2.0
2026-09-20T11:20:52.357115,0,0,24,5,0,0,7,0,0,54.0,96.0,2.325,,2.0
2026-09-20T11:36:11.333551,0,0,27,2,0,0,7,0,0,54.0,96.0,2.325,,2.0
2026-09-20T11:51:31.108154,0,0,17,0,0,0,0,0,0,54.0,96.0,2.325,,2.0
2026-09-20T12:04:51.217573,0,0,0,0,0,0,0,0,0,56.4,96.0,2.325,,2.0
2026-09-20T12:06:50.166009,0,0,47,4,0,0,3,0,0,56.4,96.0,2.325,,2.0
2026-09-20T12:22:09.325165,0,0,2,1,0,0,0,0,0,56.4,96.0,2.325,,2.0
2026-09-20T12:37:28.626919,0,0,20,0,0,1,0,0,0,56.4,96.0,2.325,,2.0
2026-09-20T12:52:52.280207,0,0,11,0,0,1,1,0,0,61.0,96.0,2.325,,2.0
2026-09-20T13:08:12.567695,0,0,0,0,0,0,0,0,0,67.0,96.0,2.325,,2.0
2026-09-20T13:23:31.704452,0,0,16,1,0,1,0,0,0,67.0,96.0,2.325,,2.0
2026-09-20T13:38:51.952044,0,0,3,0,0,0,0,0,0,67.0,96.0,2.325,,2.0
2026-09-20T13:54:55.310850,0,0,3,0,0,1,1,0,0,67.0,96.0,2.325,,2.0
2026-09-20T14:10:13.244280,0,0,1,0,0,0,0,0,0,67.3,96.0,2.325,,2.0
2026-09-20T14:25:33.385336,0,3,16,0,0,0,0,0,0,67.3,96.0,2.325,,2.0
2026-09-20T14:40:52.393140,0,0,0,0,0,0,0,0,0,67.3,96.0,2.325,,2.0
2026-09-20T14:56:11.525566,0,0,14,0,0,0,0,0,0,67.3,96.0,2.325,,2.0
2026-09-20T15:11:30.564604,0,0,0,0,0,0,0,0,0,65.2,96.0,2.325,,2.0
2026-09-20T15:26:50.243060,0,0,0,0,0,0,0,0,0,65.2,96.0,2.325,,2.0
2026-09-20T15:42:09.011865,0,0,0,0,0,0,0,0,0,65.2,96.0,2.325,,2.0
2026-09-20T15:57:27.037034,0,0,0,0,0,0,0,0,0,65.2,96.0,2.325,,2.0
2026-09-20T16:07:55.986244,0,0,0,0,0,0,0,0,0,71.4,96.0,2.325,,2.0
2026-09-20T16:12:46.139132,0,0,0,0,0,0,0,0,0,71.4,96.0,2.325,,2.0
2026-09-20T16:28:04.347623,0,0,4,0,0,0,0,0,0,71.4,96.0,2.325,,2.0
2026-09-20T16:43:23.350203,0,0,0,0,0,0,0,0,0,71.4,96.0,2.325,,2.0
2026-09-20T16:58:42.775350,0,0,0,0,0,0,0,0,0,71.4,96.0,2.325,,2.0
2026-09-20T17:14:02.222914,0,0,0,0,0,0,0,0,0,74.1,96.0,2.325,,2.0
2026-09-20T17:29:21.976373,0,0,0,0,0,0,0,0,0,74.1,96.0,2.325,,2.0
2026-09-20T17:44:41.737330,0,0,1,0,0,0,0,0,0,74.1,96.0,2.325,,2.0
2026-09-20T18:00:01.095511,1,0,1,0,0,0,0,0,0,78.3,96.0,2.325,,2.0
2026-09-20T18:15:26.212193,0,0,1,0,0,0,0,0,0,78.3,96.0,2.325,,2.0
2026-09-20T18:30:45.731188,0,0,0,0,0,0,0,0,0,69.3,96.0,2.325,,2.0
2026-09-20T18:46:04.984919,0,0,0,0,0,0,0,0,0,69.3,96.0,2.325,,2.0
2026-09-20T18:48:46.988590,0,0,0,0,0,0,0,0,0,69.3,96.0,2.325,,2.0
2026-09-20T19:01:24.931092,0,0,5,0,0,0,0,0,0,71.8,96.0,2.325,,2.0
2026-09-20T19:16:43.643311,0,0,0,0,0,0,0,0,0,71.8,96.0,2.325,,2.0
2026-09-20T19:32:47.803058,0,0,0,0,0,0,0,0,0,71.8,96.0,2.325,,2.0
2026-09-20T19:48:07.317944,0,2,0,0,0,0,0,0,0,71.8,96.0,2.325,,2.0
2026-09-20T20:03:27.370126,0,0,4,0,0,0,2,0,0,74.5,96.0,2.325,,2.0
2026-09-20T20:18:46.350805,0,2,8,0,0,0,0,0,0,74.5,96.0,2.325,,2.0
2026-09-20T20:34:05.389271,0,0,0,0,0,0,0,0,0,74.5,96.0,2.325,,2.0
2026-09-20T20:49:24.291543,0,0,0,0,0,0,9,0,0,74.5,96.0,2.325,,2.0
2026-09-20T21:04:43.465555,0,2,0,0,0,0,1,0,0,78.3,96.0,2.325,,2.0
2026-09-20T21:14:35.716577,0,0,0,0,0,0,0,0,0,78.3,96.0,2.325,,2.0
2026-09-20T21:20:04.411678,0,0,0,0,0,0,0,0,0,78.3,96.0,2.325,,2.0
2026-09-20T21:35:24.585391,0,0,0,0,0,0,8,0,0,78.3,96.0,2.325,,2.0
2026-09-20T21:50:44.258782,0,0,1,0,0,3,27,1,0,78.3,96.0,2.325,,2.0
2026-09-20T22:06:03.249992,0,0,0,0,0,0,18,0,0,82.3,96.0,2.325,,2.0
2026-09-20T22:21:22.659851,0,2,3,2,0,1,15,0,0,82.3,96.0,2.325,,2.0
2026-09-20T22:36:41.502030,0,0,0,0,0,2,21,0,0,82.3,96.0,2.325,,2.0
2026-09-20T22:52:01.593050,0,0,0,0,0,5,52,0,0,82.3,96.0,2.325,,2.0
2026-09-20T23:07:21.383891,0,7,0,0,0,10,72,2,1,80.3,96.0,2.325,,2.0
2026-09-20T23:17:35.845406,1,0,0,0,0,0,0,0,0,80.3,96.0,2.325,,2.0
2026-09-20T23:22:39.951013,2,2,11,3,0,14,91,3,2,80.3,96.0,2.325,,2.0
2026-09-20T23:37:59.760897,0,0,41,6,0,3,21,0,0,80.3,96.0,2.325,,2.0
2026-09-20T23:53:19.120994,1,0,17,1,0,38,123,0,0,80.3,96.0,2.325,,2.0
2026-09-21T00:08:38.155607,0,0,6,0,0,24,154,1,0,81.5,95.0,2.325,,2.0
2026-09-21T00:23:57.674156,0,0,45,3,0,39,279,6,0,81.5,95.0,2.325,,2.0
2026-09-21T00:39:16.988798,0,15,143,1,0,23,181,0,0,81.5,95.0,2.325,,2.0
2026-09-21T00:54:36.284609,1,0,23,0,0,13,94,0,0,79.7,95.0,2.325,,2.0
2026-09-21T01:10:38.666315,1,1,107,2,0,10,170,0,0,78.2,95.0,2.325,,2.0
2026-09-21T01:23:40.192849,1,0,0,0,0,0,0,0,0,78.2,95.0,2.325,,2.0
2026-09-21T01:25:57.557411,1,5,139,2,0,12,80,0,0,78.2,95.0,2.325,,2.0
2026-09-21T01:41:16.694664,1,0,28,1,0,11,45,1,0,78.2,95.0,2.325,,2.0
2026-09-21T01:56:35.444487,1,3,38,0,0,11,39,0,0,78.2,95.0,2.325,,2.0
2026-09-21T02:11:54.737896,1,8,146,1,0,9,76,0,0,76.6,95.0,2.325,,2.0
2026-09-21T02:27:14.089421,1,9,41,1,0,16,113,3,0,76.6,95.0,2.325,,2.0
2026-09-21T02:42:33.558922,1,10,57,1,0,48,155,0,0,76.6,95.0,2.325,,2.0
2026-09-21T02:57:52.445279,1,0,11,0,0,17,118,2,0,76.6,95.0,2.325,,2.0
2026-09-21T03:13:11.455921,0,0,20,0,0,36,156,1,0,77.9,95.0,2.325,,2.0
2026-09-21T03:28:30.479381,0,0,22,0,0,26,128,1,0,77.9,95.0,2.325,,2.0
2026-09-21T03:43:50.171370,0,0,99,0,0,28,129,1,0,77.9,95.0,2.325,,2.0
2026-09-21T03:59:09.790167,0,1,118,0,0,16,100,1,0,77.9,95.0,2.325,,2.0
2026-09-21T04:14:28.883063,1,0,200,1,0,24,86,0,0,82.6,95.0,2.325,,2.0
2026-09-21T04:29:48.080000,1,11,96,0,0,32,72,0,0,82.6,95.0,2.325,,2.0
2026-09-21T04:45:08.556222,1,0,8,0,0,40,138,2,0,82.6,95.0,2.325,,2.0
2026-09-21T05:00:28.074748,1,1,57,0,0,38,144,1,0,89.5,95.0,2.325,,2.0
2026-09-21T05:15:48.179012,1,1,121,0,0,48,179,1,0,89.5,95.0,2.325,,2.0
2026-09-21T05:31:07.579961,1,0,97,1,0,44,100,4,0,89.5,95.0,2.325,,2.0
2026-09-21T05:46:27.330432,0,0,117,1,0,60,186,0,0,89.5,95.0,2.325,,2.0
2026-09-21T06:01:46.399588,1,0,31,0,0,47,219,5,0,89.6,95.0,2.325,,2.0
2026-09-21T06:17:06.473479,0,0,52,0,0,60,213,0,0,89.6,95.0,2.325,,2.0
2026-09-21T06:32:25.363671,0,0,78,1,0,54,229,0,0,91.1,95.0,2.325,,2.0
2026-09-21T06:48:26.719069,0,0,54,1,0,163,523,8,0,91.1,95.0,2.325,,2.0
2026-09-21T06:50:45.134862,0,0,0,0,0,0,0,0,0,91.1,95.0,2.325,,2.0
2026-09-21T07:03:46.456768,0,0,17,0,0,121,403,11,0,94.3,95.0,2.325,,2.0
2026-09-21T07:19:06.545402,0,4,3,0,0,76,433,0,0,94.3,95.0,2.325,,2.0
2026-09-21T07:34:26.314405,0,0,143,0,0,38,316,13,5,94.3,95.0,2.325,,2.0
2026-09-21T07:49:45.851239,0,0,106,1,0,28,299,3,0,94.3,95.0,2.325,,2.0
2026-09-21T08:05:04.853973,0,0,110,0,0,36,156,3,0,94.0,95.0,2.325,,2.0
2026-09-21T08:20:25.956533,0,0,33,0,0,44,153,6,0,94.0,95.0,2.325,,2.0
2026-09-21T08:35:45.318692,0,5,34,0,0,29,142,7,0,94.0,95.0,2.325,,2.0
2026-09-21T08:51:04.581015,0,0,13,0,0,28,60,0,0,94.0,95.0,2.325,,2.0
2026-09-21T09:06:24.979475,0,3,57,1,0,21,69,0,0,90.6,95.0,2.325,,2.0
2026-09-21T09:21:44.949770,0,0,20,1,0,12,161,4,0,90.6,95.0,2.325,,2.0
2026-09-21T09:37:04.961709,0,11,45,4,0,12,160,4,0,90.6,95.0,2.325,,2.0
2026-09-21T09:52:24.933951,0,0,34,0,0,13,230,3,0,90.6,95.0,2.325,,2.0
2026-09-21T10:07:44.507016,0,6,20,0,0,24,303,10,0,85.7,95.0,2.325,,2.0
2026-09-21T10:23:03.858005,0,0,4,0,0,23,323,2,0,85.7,95.0,2.325,,2.0
2026-09-21T10:38:23.461786,0,0,10,3,0,34,440,7,0,85.7,95.0,2.325,,2.0
2026-09-21T10:53:44.486796,0,5,137,3,0,50,392,27,0,85.7,95.0,2.325,,2.0
2026-09-21T11:09:04.068306,0,0,111,6,0,23,249,17,0,83.0,95.0,2.325,,2.0
2026-09-21T11:24:22.725483,0,0,47,6,0,9,140,0,0,83.0,95.0,2.325,,2.0
2026-09-21T11:39:43.519210,0,0,30,3,0,3,121,1,0,83.0,95.0,2.325,,2.0
2026-09-21T11:55:03.835460,0,0,0,0,0,2,43,2,0,83.0,95.0,2.325,,2.0
2026-09-21T12:10:24.555081,0,0,18,1,0,4,20,0,0,80.7,95.0,2.325,,2.0
2026-09-21T12:26:31.778099,0,0,16,2,0,0,15,0,0,80.7,95.0,2.325,,2.0
2026-09-21T12:41:52.786520,0,0,16,1,0,1,4,0,0,80.7,95.0,2.325,,2.0
2026-09-21T12:57:12.821633,0,0,2,0,0,0,5,0,0,80.7,95.0,2.325,,2.0
2026-09-21T13:12:32.311501,0,1,5,0,0,0,1,0,0,80.7,95.0,2.325,,2.0
2026-09-21T13:27:53.020444,0,1,0,0,0,0,1,0,0,81.1,95.0,2.325,,2.0
2026-09-21T13:43:07.307200,0,0,0,0,0,0,0,0,0,81.1,95.0,2.325,,2.0
2026-09-21T13:43:12.617907,0,0,1,0,0,0,2,0,0,81.1,95.0,2.325,,2.0
2026-09-21T13:58:32.172471,0,0,0,0,0,0,6,0,0,81.1,95.0,2.325,,2.0
2026-09-21T14:13:56.292270,0,0,7,0,0,0,0,0,0,85.2,95.0,2.325,,2.0
2026-09-21T14:29:15.808113,0,0,0,0,0,0,16,2,0,85.2,95.0,2.325,,2.0
2026-09-21T14:44:37.887123,0,0,0,0,0,0,8,2,0,85.2,95.0,2.325,,2.0
2026-09-21T14:59:57.888037,0,0,0,0,0,0,10,0,0,85.2,95.0,2.325,,2.0
2026-09-21T15:15:19.273632,0,0,12,0,0,0,3,0,0,95.0,95.0,2.325,,2.0
2026-09-21T15:30:40.598223,0,0,18,0,0,0,0,0,0,95.0,95.0,2.325,,2.0
2026-09-21T15:45:59.796224,0,0,0,0,0,0,0,0,0,95.0,95.0,2.325,,2.0
2026-09-21T16:01:19.266755,0,0,0,0,0,0,0,0,0,102.2,95.0,2.325,,2.0
2026-09-21T16:16:40.688640,0,0,0,0,0,0,1,0,0,102.2,95.0,2.325,,2.0
2026-09-21T16:31:59.947363,0,0,0,0,0,0,0,0,0,102.2,95.0,2.325,,2.0
2026-09-21T16:47:19.824333,0,0,0,0,0,0,0,0,0,102.2,95.0,2.325,,2.0
2026-09-21T17:02:38.984368,0,0,0,0,0,0,0,0,0,96.6,95.0,2.325,,2.0
2026-09-21T17:17:58.985713,0,0,0,0,0,0,0,0,0,96.6,95.0,2.325,,2.0
2026-09-21T17:33:18.184556,0,0,0,0,0,0,2,0,0,96.6,95.0,2.325,,2.0
2026-09-21T17:48:38.014260,0,0,0,0,0,0,0,0,0,96.6,95.0,2.325,,2.0
2026-09-21T18:04:42.171662,0,0,0,0,0,0,1,0,0,95.4,95.0,2.325,,2.0
2026-09-21T18:20:01.851331,0,0,0,0,0,0,0,0,0,95.4,95.0,2.325,,2.0
2026-09-21T18:35:21.693293,0,0,0,0,0,0,2,0,0,95.4,95.0,2.325,,2.0
2026-09-21T18:50:42.226014,0,0,1,1,0,0,0,0,0,93.2,95.0,2.325,,2.0
2026-09-21T18:55:16.078321,0,0,0,0,0,0,0,0,0,93.2,95.0,2.325,,2.0
2026-09-21T19:06:02.002727,0,0,0,0,0,0,0,0,0,93.9,95.0,2.325,,2.0
2026-09-21T19:21:21.563922,0,1,0,0,0,0,0,0,0,94.6,95.0,2.325,,2.0
2026-09-21T19:36:41.364839,0,0,0,0,0,0,0,0,0,94.6,95.0,2.325,,2.0
2026-09-21T19:52:00.780465,0,0,0,0,0,0,0,0,0,94.6,95.0,2.325,,2.0
2026-09-21T20:07:20.993418,0,0,2,0,0,0,2,0,0,94.3,95.0,2.325,,2.0
2026-09-21T20:22:40.209262,0,0,0,0,0,0,1,0,0,94.3,95.0,2.325,,2.0
2026-09-21T20:37:59.749014,0,0,0,0,0,1,0,0,0,94.3,95.0,2.325,,2.0
2026-09-21T20:53:18.955612,0,2,1,0,0,0,10,0,0,94.3,95.0,2.325,,2.0
2026-09-21T21:08:39.271197,0,2,5,0,0,0,15,0,0,93.8,95.0,2.325,,2.0
2026-09-21T21:24:00.694408,0,0,0,0,0,1,20,4,0,93.8,95.0,2.325,,2.0
2026-09-21T21:39:21.340255,0,0,0,0,0,39,229,16,0,93.8,95.0,2.325,,2.0
2026-09-21T21:54:40.726407,1,0,10,1,0,39,268,21,0,93.8,95.0,2.325,,2.0
2026-09-21T22:10:00.377841,0,0,7,0,0,29,148,15,0,92.9,95.0,2.325,,2.0
2026-09-21T22:25:19.966531,1,2,20,2,0,28,126,7,0,92.9,95.0,2.325,,2.0
2026-09-21T22:29:39.601117,1,0,0,0,0,0,0,0,0,92.9,95.0,2.325,,2.0
2026-09-21T22:40:40.409810,0,0,0,0,0,28,118,11,0,92.9,95.0,2.325,,2.0
2026-09-21T22:56:00.216140,1,0,7,0,0,40,68,4,0,92.9,95.0,2.325,,2.0
2026-09-21T23:11:19.666808,1,0,34,0,0,70,136,8,0,93.5,95.0,2.325,,2.0
2026-09-21T23:26:38.571159,1,1,121,5,0,23,88,0,0,93.5,95.0,2.325,,2.0
2026-09-21T23:42:45.164483,1,0,25,0,0,18,67,0,0,93.5,95.0,2.325,,2.0
2026-09-21T23:58:04.302598,1,3,66,0,0,10,106,17,0,93.5,95.0,2.325,,2.0
2026-09-22T00:13:23.995869,0,1,56,4,0,7,133,7,0,94.3,99.0,2.325,,2.0
2026-09-22T00:28:43.554580,0,0,89,1,0,1,20,2,0,94.3,99.0,2.325,,2.0
2026-09-22T00:44:02.953100,0,0,52,1,0,9,57,1,0,96.7,99.0,2.325,,2.0
2026-09-22T00:59:22.110402,0,0,38,0,0,1,36,3,0,96.7,99.0,2.325,,2.0
2026-09-22T01:05:13.084148,0,0,0,0,0,0,0,0,0,99.2,99.0,2.325,,2.0
2026-09-22T01:14:41.474098,1,0,48,1,0,4,27,3,0,99.2,99.0,2.325,,2.0
2026-09-22T01:30:01.635502,1,0,270,0,0,4,71,3,0,99.2,99.0,2.325,,2.0
2026-09-22T01:45:21.608681,1,5,233,3,0,4,106,1,0,99.2,99.0,2.325,,2.0
2026-09-22T02:00:41.211249,2,0,136,1,0,5,77,2,0,99.0,99.0,2.325,,2.0
2026-09-22T02:16:01.240781,1,6,253,0,0,16,75,3,3,99.0,99.0,2.325,,2.0
2026-09-22T02:31:22.094664,1,2,76,1,0,2,34,0,0,99.0,99.0,2.325,,2.0
2026-09-22T02:46:42.412423,1,1,170,1,0,4,16,0,0,99.0,99.0,2.325,,2.0
2026-09-22T03:02:03.210373,1,0,206,1,0,3,33,0,0,99.8,99.0,2.325,,2.0
2026-09-22T03:17:26.238923,0,0,70,0,0,5,39,0,0,99.8,99.0,2.325,,2.0
2026-09-22T03:32:45.996537,0,0,43,0,0,5,26,2,0,99.8,99.0,2.325,,2.0
2026-09-22T03:48:06.019824,0,0,108,1,0,9,56,2,0,99.8,99.0,2.325,,2.0
2026-09-22T04:03:25.864473,0,1,86,2,0,4,73,1,0,99.7,99.0,2.325,,2.0
2026-09-22T04:18:46.333741,0,0,15,2,0,8,108,9,0,99.7,99.0,2.325,,2.0
2026-09-22T04:34:05.369141,0,0,94,0,0,14,51,7,0,99.7,99.0,2.325,,2.0
2026-09-22T04:49:24.691565,0,1,115,0,0,10,134,7,0,99.7,99.0,2.325,,2.0
2026-09-22T05:04:43.605435,0,1,137,2,0,10,198,8,0,99.0,99.0,2.325,,2.0
2026-09-22T05:20:48.669079,0,0,38,0,0,20,120,6,0,99.0,99.0,2.325,,2.0
2026-09-22T05:36:08.887213,0,1,148,0,0,30,264,15,0,99.0,99.0,2.325,,2.0
2026-09-22T05:51:28.080610,0,0,96,1,0,29,299,15,0,99.0,99.0,2.325,,2.0
2026-09-22T06:06:47.594375,0,0,164,2,0,45,307,18,0,99.1,99.0,2.325,,2.0
2026-09-22T06:15:26.753175,0,0,0,0,0,0,0,0,0,101.8,99.0,2.325,,2.0
2026-09-22T06:22:07.272718,0,2,443,4,0,45,265,13,0,101.0,99.0,2.325,,2.0
2026-09-22T06:37:28.298855,0,5,235,2,0,53,287,35,0,101.0,99.0,2.325,,2.0
2026-09-22T06:52:48.865750,0,2,72,4,0,68,198,19,0,101.8,99.0,2.325,,2.0
2026-09-22T07:08:09.357028,0,4,286,6,0,34,116,10,0,101.2,99.0,2.325,,2.0
2026-09-22T07:23:28.506566,0,0,83,3,0,72,279,24,0,101.2,99.0,2.325,,2.0
2026-09-22T07:38:48.518525,0,4,102,3,0,74,455,51,0,101.2,99.0,2.325,,2.0
2026-09-22T07:54:08.330420,0,2,131,6,0,44,325,11,0,101.2,99.0,2.325,,2.0
2026-09-22T08:09:28.853999,0,3,145,2,0,54,367,9,0,101.6,99.0,2.325,,2.0
2026-09-22T08:24:48.595216,0,1,184,1,0,49,416,13,0,101.6,99.0,2.325,,2.0
2026-09-22T08:40:08.753240,0,0,85,3,0,39,312,40,0,101.6,99.0,2.325,,2.0
2026-09-22T08:55:28.219874,0,1,35,0,0,32,342,10,10,101.6,99.0,2.325,,2.0
2026-09-22T09:10:49.052992,0,1,28,1,0,26,374,27,0,100.8,99.0,2.325,,2.0
2026-09-22T09:26:08.760596,0,1,22,0,0,23,404,14,0,100.8,99.0,2.325,,2.0
2026-09-22T09:41:28.740305,0,0,3,0,0,30,248,21,0,100.8,99.0,2.325,,2.0
2026-09-22T09:56:49.351084,0,3,29,3,0,55,456,4,0,100.8,99.0,2.325,,2.0
2026-09-22T10:12:09.156817,0,0,11,0,0,39,387,3,0,101.6,99.0,2.325,,2.0
2026-09-22T10:27:31.788191,0,0,49,0,0,49,422,27,0,101.6,99.0,2.325,,2.0
2026-09-22T10:42:52.570494,0,9,9,0,0,34,421,35,0,101.6,99.0,2.325,,2.0
2026-09-22T10:58:59.024645,0,5,108,1,0,32,296,22,0,101.6,99.0,2.325,,2.0
2026-09-22T11:14:18.488652,0,0,85,3,0,17,184,16,0,102.7,99.0,2.325,,2.0
2026-09-22T11:29:39.071543,0,0,28,0,0,15,119,9,0,102.7,99.0,2.325,,2.0
2026-09-22T11:45:00.581675,0,5,20,5,0,12,41,1,0,102.7,99.0,2.325,,2.0
2026-09-22T11:57:13.033917,0,0,0,0,0,0,0,0,0,102.7,99.0,2.325,,2.0
2026-09-22T12:00:20.395774,0,0,55,2,0,6,27,0,0,103.8,99.0,2.325,,2.0
2026-09-22T12:15:41.090633,0,0,10,0,0,7,8,0,0,103.8,99.0,2.325,,2.0
2026-09-22T12:31:01.764830,0,0,16,2,0,7,12,0,0,103.8,99.0,2.325,,2.0
2026-09-22T12:46:22.684300,0,0,2,0,0,2,6,0,0,103.8,99.0,2.325,,2.0
2026-09-22T13:01:43.105446,0,0,33,2,0,2,13,0,0,104.2,99.0,2.325,,2.0
2026-09-22T13:17:03.902434,0,0,40,3,0,1,11,0,0,104.6,99.0,2.325,,2.0
2026-09-22T13:32:24.540790,0,0,10,2,0,0,5,0,0,104.6,99.0,2.325,,2.0
2026-09-22T13:47:45.018995,0,0,2,0,0,1,9,0,0,104.6,99.0,2.325,,2.0
2026-09-22T14:03:08.221855,0,0,12,0,0,0,4,0,0,104.3,99.0,2.325,,2.0
2026-09-22T14:18:28.853119,0,0,0,0,0,0,3,0,0,104.3,99.0,2.325,,2.0
2026-09-22T14:33:48.575806,0,0,0,0,0,0,0,0,0,104.3,99.0,2.325,,2.0
2026-09-22T14:49:10.203475,0,0,0,0,0,0,1,0,0,104.3,99.0,2.325,,2.0
2026-09-22T15:04:30.360358,0,0,0,0,0,0,0,0,0,102.2,99.0,2.325,,2.0
2026-09-22T15:19:51.482986,0,0,2,0,0,0,0,0,0,102.2,99.0,2.325,,2.0
2026-09-22T15:35:12.634566,0,0,0,0,0,0,0,0,0,102.2,99.0,2.325,,2.0
2026-09-22T15:50:33.711229,0,0,0,0,0,0,0,0,0,102.2,99.0,2.325,,2.0
2026-09-22T16:05:54.807751,0,0,0,0,0,0,0,0,0,99.8,99.0,2.325,,2.0
2026-09-22T16:21:15.631424,0,0,0,0,0,0,0,0,0,99.8,99.0,2.325,,2.0
2026-09-22T16:37:19.783806,0,0,0,0,0,0,0,0,0,99.8,99.0,2.325,,2.0
2026-09-22T16:44:47.324544,0,0,0,0,0,0,0,0,0,99.8,99.0,2.325,,2.0
2026-09-22T16:52:40.419912,0,0,0,0,0,0,0,0,0,99.8,99.0,2.325,,2.0
2026-09-22T17:08:02.338855,0,0,10,0,0,0,0,0,0,96.6,99.0,2.325,,2.0
2026-09-22T17:23:21.546636,0,0,0,0,0,0,0,0,0,96.6,99.0,2.325,,2.0
2026-09-22T17:38:41.863895,0,0,0,0,0,0,0,0,0,96.6,99.0,2.325,,2.0
2026-09-22T17:54:03.760358,0,0,0,0,0,0,0,0,0,96.6,99.0,2.325,,2.0
2026-09-22T18:09:24.726011,0,0,0,0,0,0,0,0,0,95.7,99.0,2.325,,2.0
2026-09-22T18:24:45.208302,0,0,0,0,0,0,0,0,0,95.7,99.0,2.325,,2.0
2026-09-22T18:40:05.631254,0,0,0,0,0,0,0,0,0,95.7,99.0,2.325,,2.0
2026-09-22T18:55:25.848286,0,0,0,0,0,0,0,0,0,95.7,99.0,2.325,,2.0
2026-09-22T19:10:45.682289,0,0,0,0,0,0,0,0,0,94.5,99.0,2.325,,2.0
2026-09-22T19:26:05.832623,0,0,0,0,0,0,0,0,0,94.5,99.0,2.325,,2.0
2026-09-22T19:41:25.677053,0,3,0,0,0,0,0,0,0,94.3,99.0,2.325,,2.0
2026-09-22T19:55:05.923228,0,0,0,0,0,0,0,0,0,94.3,99.0,2.325,,2.0
2026-09-22T19:56:47.262987,0,0,0,0,0,0,0,0,0,94.3,99.0,2.325,,2.0
2026-09-22T20:12:06.946124,0,1,0,0,0,0,0,0,0,92.8,99.0,2.325,,2.0
2026-09-22T20:27:28.707240,0,0,0,0,0,0,0,0,0,92.8,99.0,2.325,,2.0
2026-09-22T20:42:48.219892,0,0,0,0,0,0,3,0,0,92.8,99.0,2.325,,2.0
2026-09-22T20:58:07.971836,0,0,8,0,0,0,3,0,0,92.8,99.0,2.325,,2.0
2026-09-22T21:13:28.213030,0,0,0,0,0,0,9,0,0,90.8,99.0,2.325,,2.0
2026-09-22T21:28:55.560305,0,0,1,0,0,3,19,2,0,90.8,99.0,2.325,,2.0
2026-09-22T21:44:16.368849,0,0,0,0,0,1,26,0,1,90.8,99.0,2.325,,2.0
2026-09-22T21:59:36.527469,0,0,3,0,0,0,24,3,0,90.8,99.0,2.325,,2.0
2026-09-22T22:16:02.116157,0,0,0,0,0,1,54,0,1,89.0,99.0,2.325,,2.0
2026-09-22T22:31:21.929137,0,0,12,0,0,1,35,2,0,89.0,99.0,2.325,,2.0
2026-09-22T22:46:42.202866,0,0,1,0,0,1,14,0,0,89.0,99.0,2.325,,2.0
2026-09-22T22:47:42.223861,0,0,0,0,0,0,0,0,0,89.0,99.0,2.325,,2.0
2026-09-22T23:02:02.180851,0,0,12,0,0,1,39,0,0,87.7,99.0,2.325,,2.0
2026-09-22T23:17:23.384428,0,0,136,1,0,10,68,1,0,87.7,99.0,2.325,,2.0
2026-09-22T23:32:43.379712,0,9,64,2,0,23,162,2,0,87.7,99.0,2.325,,2.0
2026-09-22T23:48:03.074356,0,1,19,1,0,9,199,2,0,87.7,99.0,2.325,,2.0
2026-09-23T00:03:23.384896,1,0,61,0,0,12,105,5,0,87.0,106.0,2.325,,2.0
2026-09-23T00:18:43.703482,0,0,19,0,0,26,246,3,0,87.0,106.0,2.325,,2.0
2026-09-23T00:34:03.275252,0,1,162,2,0,15,273,8,0,87.0,106.0,2.325,,2.0
2026-09-23T00:49:22.649580,0,0,90,4,0,27,381,5,0,87.0,106.0,2.325,,2.0
2026-09-23T01:04:42.196772,0,6,162,4,0,46,363,28,0,87.4,106.0,2.325,,2.0
2026-09-23T01:18:40.998936,0,0,0,0,0,0,0,0,0,87.4,106.0,2.325,,2.0
2026-09-23T01:20:02.733780,0,0,12,1,0,31,235,6,0,87.4,106.0,2.325,,2.0
2026-09-23T01:35:22.569419,0,0,84,0,0,29,165,3,0,87.4,106.0,2.325,,2.0
2026-09-23T01:50:42.727465,0,0,397,6,0,9,145,3,0,87.4,106.0,2.325,,2.0
2026-09-23T02:06:02.244199,0,1,361,3,0,8,94,0,0,89.9,106.0,2.325,,2.0
2026-09-23T02:21:22.864583,0,0,176,4,0,1,33,0,0,89.9,106.0,2.325,,2.0
2026-09-23T02:36:45.288439,0,1,128,4,0,8,39,0,0,89.9,106.0,2.325,,2.0
2026-09-23T02:52:04.805057,0,16,285,4,0,4,79,3,0,89.9,106.0,2.325,,2.0
2026-09-23T03:07:24.955464,0,0,113,0,0,8,91,5,0,92.5,106.0,2.325,,2.0
2026-09-23T03:22:45.195761,0,0,237,2,0,8,76,2,0,92.5,106.0,2.325,,2.0
2026-09-23T03:38:04.897382,0,0,397,3,0,11,98,3,0,92.5,106.0,2.325,,2.0
2026-09-23T03:54:09.870500,0,0,312,3,0,9,84,0,0,92.5,106.0,2.325,,2.0
2026-09-23T04:09:29.266537,0,0,138,3,0,9,52,3,0,92.7,106.0,2.325,,2.0
2026-09-23T04:24:48.314834,0,0,149,1,0,4,26,0,0,92.7,106.0,2.325,,2.0
2026-09-23T04:40:08.145105,0,0,7,0,0,4,39,3,0,92.7,106.0,2.325,,2.0
2026-09-23T04:55:28.163238,0,0,71,1,0,4,51,6,0,92.7,106.0,2.325,,2.0
2026-09-23T05:10:48.126715,0,0,60,2,0,3,53,3,0,93.2,106.0,2.325,,2.0
2026-09-23T05:26:07.938113,0,3,33,2,0,12,182,23,0,93.2,106.0,2.325,,2.0
2026-09-23T05:41:26.855020,0,1,33,2,0,8,194,12,0,93.2,106.0,2.325,,2.0
2026-09-23T05:56:46.373783,0,8,116,1,0,1,119,2,0,93.2,106.0,2.325,,2.0
2026-09-23T06:12:06.402243,0,9,97,0,0,2,141,8,0,92.2,106.0,2.325,,2.0
2026-09-23T06:25:14.745980,0,0,0,0,0,0,0,0,0,92.8,106.0,2.325,,2.0
2026-09-23T06:27:27.125891,0,0,7,1,0,9,197,8,0,92.8,106.0,2.325,,2.0
2026-09-23T06:42:46.845960,0,0,154,1,0,15,454,50,0,92.8,106.0,2.325,,2.0
2026-09-23T06:58:06.524607,0,4,145,1,0,7,380,19,0,92.8,106.0,2.325,,2.0
2026-09-23T07:13:26.519874,0,0,63,2,0,18,451,32,0,91.8,106.0,2.325,,2.0
2026-09-23T07:28:45.886074,0,0,159,1,0,34,472,19,0,91.8,106.0,2.325,,2.0
2026-09-23T07:44:05.901099,0,0,126,1,0,47,391,31,0,91.8,106.0,2.325,,2.0
2026-09-23T07:59:26.512609,0,1,150,0,0,51,620,11,0,91.8,106.0,2.325,,2.0
2026-09-23T08:14:47.096403,0,0,43,0,0,22,474,9,0,89.7,106.0,2.325,,2.0
2026-09-23T08:30:11.502035,0,0,12,2,0,60,382,32,0,89.7,106.0,2.325,,2.0
2026-09-23T08:45:31.463476,0,0,101,0,0,37,361,30,0,89.7,106.0,2.325,,2.0
2026-09-23T09:00:50.018830,0,0,103,1,0,37,401,30,0,86.2,106.0,2.325,,2.0
2026-09-23T09:16:09.868752,0,5,30,0,0,19,420,51,0,86.2,106.0,2.325,,2.0
2026-09-23T09:32:15.933532,0,0,99,1,0,21,359,17,0,86.2,106.0,2.325,,2.0
2026-09-23T09:47:35.448715,0,6,33,0,0,8,425,18,0,86.2,106.0,2.325,,2.0
2026-09-23T10:02:55.987991,0,0,11,0,0,3,328,15,0,86.9,106.0,2.325,,2.0
2026-09-23T10:18:15.445515,0,2,20,1,0,11,367,29,0,86.9,106.0,2.325,,2.0
2026-09-23T10:33:35.569879,0,0,3,0,0,24,369,24,0,86.9,106.0,2.325,,2.0
2026-09-23T10:48:58.806483,0,0,55,1,0,14,269,9,0,86.9,106.0,2.325,,2.0
2026-09-23T11:04:18.313199,0,1,45,0,0,4,152,7,0,86.4,106.0,2.325,,2.0
2026-09-23T11:19:37.991765,0,0,63,4,0,1,49,2,0,86.4,106.0,2.325,,2.0
2026-09-23T11:34:57.836003,0,0,18,1,0,1,42,1,0,86.4,106.0,2.325,,2.0
2026-09-23T11:50:18.502339,1,2,23,1,0,0,13,1,0,86.4,106.0,2.325,,2.0
2026-09-23T11:58:49.189311,1,0,0,0,0,0,0,0,0,86.3,106.0,2.325,,2.0
2026-09-23T12:05:38.781656,0,0,22,1,0,0,4,2,0,84.4,106.0,2.325,,2.0
2026-09-23T12:20:59.010418,0,0,39,3,0,0,4,0,2,84.4,106.0,2.325,,2.0
2026-09-23T12:36:20.385798,0,1,197,0,0,0,11,0,0,84.4,106.0,2.325,,2.0
2026-09-23T12:51:40.668819,0,0,80,1,0,0,2,0,0,84.4,106.0,2.325,,2.0
2026-09-23T13:07:01.020419,0,0,17,0,0,0,0,0,0,78.7,106.0,2.325,,2.0
2026-09-23T13:22:21.328796,0,0,21,0,0,0,13,0,0,78.7,106.0,2.325,,2.0
2026-09-23T13:37:40.981147,0,0,8,0,0,0,0,0,0,78.7,106.0,2.325,,2.0
2026-09-23T13:53:32.042853,0,0,10,0,0,0,11,0,0,78.7,106.0,2.325,,2.0
2026-09-23T14:08:52.411919,0,5,2,0,0,0,0,0,0,75.6,106.0,2.325,,2.0
2026-09-23T14:24:14.175860,0,0,0,0,0,0,4,0,0,75.6,106.0,2.325,,2.0
2026-09-23T16:45:53.774923,0,0,0,0,0,0,0,0,0,81.5,106.0,2.325,,2.0
2026-09-23T19:59:40.970266,1,0,0,0,0,0,0,0,0,,106.0,2.325,,2.0
2026-09-23T22:53:27.210265,1,0,0,0,0,34,248,5,0,84.4,106.0,2.325,,2.0
2026-09-23T23:10:35.529264,1,0,17,1,0,9,189,17,0,86.8,106.0,2.325,,2.0
2026-09-23T23:25:59.801237,1,0,16,0,0,9,196,19,0,86.8,106.0,2.325,,2.0
2026-09-23T23:41:18.646747,1,0,51,1,0,5,85,6,0,86.8,106.0,2.325,,2.0
2026-09-23T23:56:38.310164,1,0,0,0,0,0,0,0,0,86.8,106.0,2.325,,2.0
2026-09-24T00:11:54.989555,0,0,0,0,0,0,0,0,0,83.5,113.0,2.325,,2.0
2026-09-24T00:27:11.375934,0,0,0,0,0,0,0,0,0,83.5,113.0,2.325,,2.0
2026-09-24T00:42:28.966135,1,0,0,0,0,0,0,0,0,83.9,113.0,2.325,,2.0
2026-09-24T00:57:46.378322,2,0,0,0,0,0,0,0,0,84.5,113.0,2.325,,2.0
2026-09-24T01:12:10.835305,2,0,0,0,0,0,0,0,0,84.9,113.0,2.325,,2.0
2026-09-24T01:13:04.692835,2,0,0,0,0,0,0,0,0,84.9,113.0,2.325,,2.0
2026-09-24T01:28:23.211104,2,0,0,0,0,0,0,0,0,,113.0,2.325,,2.0
2026-09-24T01:45:02.034898,2,0,0,0,0,0,0,0,0,84.9,113.0,2.325,,2.0
2026-09-24T02:00:19.022315,2,0,0,0,0,0,0,0,0,78.5,113.0,2.325,,2.0
2026-09-24T02:15:37.375927,3,0,0,0,0,0,0,0,0,78.5,113.0,2.325,,2.0
2026-09-24T02:30:54.562353,3,0,0,0,0,0,0,0,0,78.5,113.0,2.325,,2.0
2026-09-24T02:46:13.842080,3,0,0,0,0,0,0,0,0,78.5,113.0,2.325,,2.0
2026-09-24T03:01:30.429090,3,0,0,0,0,0,0,0,0,81.5,113.0,2.325,,2.0
2026-09-24T03:16:47.700739,0,0,0,0,0,0,0,0,0,81.5,113.0,2.325,,2.0
2026-09-24T03:32:04.365170,0,0,0,0,0,0,0,0,0,81.5,113.0,2.325,,2.0
2026-09-24T03:47:20.980997,0,0,0,0,0,0,0,0,0,81.5,113.0,2.325,,2.0
2026-09-24T04:02:37.916334,0,0,0,0,0,0,0,0,0,82.0,113.0,2.325,,2.0
2026-09-24T04:17:54.456997,0,0,0,0,0,0,0,0,0,82.0,113.0,2.325,,2.0
2026-09-24T04:33:11.813602,0,0,0,0,0,0,0,0,0,82.0,113.0,2.325,,2.0
2026-09-24T04:49:11.447912,0,0,0,0,0,0,0,0,0,82.0,113.0,2.325,,2.0
2026-09-24T05:04:28.797029,0,0,0,0,0,0,0,0,0,83.4,113.0,2.325,,2.0
2026-09-24T05:20:10.908609,1,0,0,0,0,0,0,0,0,83.4,113.0,2.325,,2.0
2026-09-24T05:35:27.397944,1,0,0,0,0,0,0,0,0,83.4,113.0,2.325,,2.0
2026-09-24T05:50:44.632238,1,0,0,0,0,0,0,0,0,83.4,113.0,2.325,,2.0
2026-09-24T06:06:06.594774,0,0,0,0,0,0,0,0,0,78.8,113.0,2.325,,2.0
2026-09-24T06:12:29.310265,0,0,0,0,0,0,0,0,0,78.8,113.0,2.325,,2.0
2026-09-24T06:21:23.196090,0,0,0,0,0,0,0,0,0,78.7,113.0,2.325,,2.0
2026-09-24T06:36:40.004118,0,0,0,0,0,0,0,0,0,78.8,113.0,2.325,,2.0
2026-09-24T06:51:56.645551,1,0,0,0,0,0,0,0,0,78.8,113.0,2.325,,2.0
2026-09-24T07:07:14.215949,1,0,0,0,0,0,0,0,0,81.1,113.0,2.325,,2.0
2026-09-24T07:22:31.688769,1,0,0,0,0,0,0,0,0,81.1,113.0,2.325,,2.0
2026-09-24T07:37:48.776423,2,0,0,0,0,0,0,0,0,81.1,113.0,2.325,,2.0
2026-09-24T07:53:05.753176,2,0,0,0,0,0,0,0,0,81.1,113.0,2.325,,2.0
2026-09-24T08:08:22.198107,3,0,0,0,0,0,0,0,0,81.6,113.0,2.325,,2.0
2026-09-24T08:23:39.256743,3,0,0,0,0,0,0,0,0,81.6,113.0,2.325,,2.0
2026-09-24T08:38:57.432276,3,0,0,0,0,0,0,0,0,81.6,113.0,2.325,,2.0
2026-09-24T08:54:14.709308,3,0,0,0,0,0,0,0,0,,113.0,2.325,,2.0
2026-09-24T09:09:31.208985,0,0,0,0,0,0,0,0,0,82.7,113.0,2.325,,2.0
2026-09-24T09:24:48.389831,2,0,0,0,0,0,0,0,0,82.7,113.0,2.325,,2.0
2026-09-24T09:40:06.335294,3,0,0,0,0,0,0,0,0,82.7,113.0,2.325,,2.0
2026-09-24T09:55:24.455010,5,0,0,0,0,0,0,0,0,82.7,113.0,2.325,,2.0
2026-09-24T10:10:41.957012,4,0,0,0,0,0,0,0,0,88.0,113.0,2.325,,2.0
2026-09-24T10:26:44.454970,4,0,0,0,0,0,0,0,0,88.0,113.0,2.325,,2.0
2026-09-24T10:42:01.882679,6,0,0,0,0,0,0,0,0,88.0,113.0,2.325,,2.0
2026-09-24T10:57:18.605682,4,0,0,0,0,0,0,0,0,88.0,113.0,2.325,,2.0
2026-09-24T11:12:36.184011,4,0,0,0,0,0,0,0,0,87.5,113.0,2.325,,2.0
2026-09-24T11:27:53.117613,5,0,0,0,0,0,0,0,0,87.5,113.0,2.325,,2.0
2026-09-24T11:43:13.552917,3,0,0,0,0,0,0,0,0,87.5,113.0,2.325,,2.0
2026-09-24T11:52:32.790429,4,0,0,0,0,0,0,0,0,87.5,113.0,2.325,,2.0
2026-09-24T11:58:31.154642,5,0,0,0,0,0,0,0,0,87.5,113.0,2.325,,2.0
2026-09-24T12:13:50.675890,1,0,0,0,0,0,0,0,0,89.9,113.0,2.325,,2.0
2026-09-24T12:29:08.099113,3,0,0,0,0,0,0,0,0,89.9,113.0,2.325,,2.0
2026-09-24T12:44:25.842954,3,0,0,0,0,0,0,0,0,89.9,113.0,2.325,,2.0
2026-09-24T12:59:43.922733,3,0,0,0,0,0,0,0,0,89.9,113.0,2.325,,2.0
2026-09-24T13:15:03.432543,2,0,0,0,0,0,0,0,0,93.3,113.0,2.325,,2.0
2026-09-24T13:30:22.085153,3,0,0,0,0,0,0,0,0,93.3,113.0,2.325,,2.0
2026-09-24T13:45:41.026680,3,0,0,0,0,0,0,0,0,93.3,113.0,2.325,,2.0
2026-09-24T14:00:59.901661,3,0,0,0,0,0,0,0,0,102.5,113.0,2.325,,2.0
2026-09-24T14:16:17.960711,3,0,0,0,0,0,0,0,0,102.5,113.0,2.325,,2.0
2026-09-24T14:31:36.695092,3,0,0,0,0,0,0,0,0,102.5,113.0,2.325,,2.0
2026-09-24T14:46:55.414264,2,0,0,0,0,0,0,0,0,102.5,113.0,2.325,,2.0
2026-09-24T15:02:13.813319,3,0,0,0,0,0,0,0,0,104.0,113.0,2.325,,2.0
2026-09-24T15:17:31.582660,1,0,0,0,0,0,0,0,0,104.0,113.0,2.325,,2.0
2026-09-24T15:32:49.166090,1,0,0,0,0,0,0,0,0,104.0,113.0,2.325,,2.0
2026-09-24T15:48:07.082917,1,0,0,0,0,0,0,0,0,104.0,113.0,2.325,,2.0
2026-09-24T16:04:14.285122,2,0,0,0,0,0,0,0,0,101.4,113.0,2.325,,2.0
2026-09-24T16:19:32.794884,2,0,0,0,0,0,0,0,0,101.4,113.0,2.325,,2.0
2026-09-24T16:34:51.450307,3,0,0,0,0,0,0,0,0,101.4,113.0,2.325,,2.0
2026-09-24T16:42:22.701639,2,0,0,0,0,0,0,0,0,101.4,113.0,2.325,,2.0
2026-09-24T16:50:09.325848,2,0,0,0,0,0,0,0,0,101.4,113.0,2.325,,2.0
2026-09-24T17:05:26.434888,2,0,0,0,0,0,0,0,0,99.5,113.0,2.325,,2.0
2026-09-24T17:20:44.821853,2,0,0,0,0,0,0,0,0,99.5,113.0,2.325,,2.0
2026-09-24T17:36:02.913214,2,0,0,0,0,0,0,0,0,99.5,113.0,2.325,,2.0
2026-09-24T17:51:22.105119,2,0,0,0,0,0,0,0,0,99.5,113.0,2.325,,2.0
2026-09-24T18:06:39.971303,0,0,0,0,0,0,0,0,0,103.9,113.0,2.325,,2.0
2026-09-24T18:21:57.607544,0,0,0,0,0,0,0,0,0,103.9,113.0,2.325,,2.0
2026-09-24T18:37:15.566235,1,0,0,0,0,0,0,0,0,103.9,113.0,2.325,,2.0
2026-09-24T18:52:32.639807,1,0,0,0,0,0,0,0,0,103.9,113.0,2.325,,2.0
2026-09-24T19:07:50.719839,1,0,0,0,0,0,0,0,0,105.2,113.0,2.325,,2.0
2026-09-24T19:23:09.441931,1,0,0,0,0,0,0,0,0,105.2,113.0,2.325,,2.0
2026-09-24T19:38:27.513212,1,0,0,0,0,0,0,0,0,105.2,113.0,2.325,,2.0
2026-09-24T19:53:45.915545,2,0,0,0,0,0,0,0,0,105.2,113.0,2.325,,2.0
2026-09-24T20:09:04.634463,1,0,0,0,0,0,0,0,0,100.7,113.0,2.325,,2.0
2026-09-24T20:10:30.039806,1,0,0,0,0,0,0,0,0,100.7,113.0,2.325,,2.0
2026-09-24T20:24:24.142328,1,0,0,0,0,0,0,0,0,100.7,113.0,2.325,,2.0
2026-09-24T20:39:41.742246,1,0,0,0,0,0,0,0,0,100.7,113.0,2.325,,2.0
2026-09-24T20:54:59.709061,1,0,0,0,0,0,0,0,0,100.7,113.0,2.325,,2.0
2026-09-24T21:10:17.737184,0,0,0,0,0,0,0,0,0,102.3,113.0,2.325,,2.0
2026-09-24T21:25:37.730990,1,0,0,0,0,0,0,0,0,102.3,113.0,2.325,,2.0
2026-09-24T21:41:41.471458,1,0,29,0,0,0,72,5,0,102.3,113.0,2.325,,2.0
2026-09-24T21:57:01.347354,1,1,0,0,0,11,215,5,0,102.3,113.0,2.325,,2.0
2026-09-24T22:12:21.080339,2,0,0,0,0,6,175,3,0,102.9,113.0,2.325,,2.0
2026-09-24T22:27:40.881290,2,0,10,0,0,18,110,1,0,102.9,113.0,2.325,,2.0
2026-09-24T22:43:00.023259,2,1,0,1,0,14,135,3,0,102.9,113.0,2.325,,2.0
2026-09-24T22:58:23.110979,2,0,47,10,0,11,165,1,0,102.9,113.0,2.325,,2.0
2026-09-24T23:13:48.094691,2,0,0,0,0,0,0,0,0,105.1,113.0,2.325,,2.0
2026-09-24T23:13:41.854885,2,0,16,2,0,10,273,0,0,105.1,113.0,2.325,,2.0
